Ticker,Nama,Grup,Sektor,Syariah,Status,Skor,Flag,Harga,PER,PBV,PERvsSektor,PBVvsSektor,ROE%,LabaYoY%,OmzetYoY%,Dividen%,DER,MarketCap(T),Vol20(jt),Nilai(M),VolSpike,RSI14,MA50,MA200,NetAsing1H(M),NetAsing5H(M),NetAsing20H(M),TglAsing,MarginKotor%,MarginOperasi%,MarginBersih%,ROA%,UtangBersih/EBITDA,CurrentRatio,QuickRatio,InterestCoverage,EV/EBITDA,OCF/Laba,FCFYield%,Payout%,Capex/OCF,SkorValuasi,SkorProfitabilitas,SkorKesehatan,SkorPertumbuhan,SkorArusKas,OmzetCAGR3%,LabaCAGR3%,TahunLabaNaik,SahamYoY%,EPS,BVPS,DPS,Saham,Omzet,LabaBersih,EBITDA,EBIT,TotalUtang,Kas,UtangBersih,TotalAset,Ekuitas,OCF,Capex,FCF,Periode,Basis,MataUang
SRTG,Saratoga Investama Sedaya Tb,,Financial Services,Ya,BOW,92,,1765,1.3,0.37,0.1,0.42,32.28,376.0,609.9,5.85,0.01,23.9,1.91,3.4,0.46,47.9,1807,1635.0,-0.4,-2.7,-12.2,2026-10-09,99.35,98.85,90.45,29.59,0.02,29.78,29.78,149.59,1.19,0.09,6.7,42.16,0.01,98,98,,82,84,3.4,16.6,2.0,0.04,1381.2847,4739.8147,103.3,13549832900.0,20692605000000.0,18716177000000.0,20455765000000.0,20451022000000.0,795960000000.0,870895000000.0,484105000000.0,68674133000000.0,64223697000000.0,1604910000000.0,-10081000000.0,1601187000000.0,2026-03-31,TTM-gabungan,IDR
PSAB,J Resources Asia Pasifik Tbk,,Basic Materials,Ya,BOW,89,kas<laba,510,2.6,1.26,0.23,0.7,64.0,5259.0,15.2,20.59,0.15,13.5,65.21,34.9,0.92,42.9,519,437.0,3.8,3.1,-19.1,2026-10-09,64.37,32.81,99.03,31.43,0.52,2.92,2.6,26.73,2.4,0.46,13.97,0.0,0.21,95,83,94.0,90,78,42.3,,3.0,0.0,195.1753,405.9389,105.0,26460000000.0,5214706899840.0,5164337461920.0,7164334449600.0,6863118864480.0,1594675053120.0,7369949038080.0,3710084654880.0,17474083766880.0,10741142736480.0,2374550397120.0,-489430008960.0,1885120388160.0,2026-03-31,TTM-gabungan,USD
TKIM,Pabrik Kertas Tjiwi Kimia Tb,,Basic Materials,Ya,JUAL,63,"OCF-,FCF-",7300,2.9,0.4,0.26,0.22,14.7,83.2,4.6,0.41,0.23,22.7,2.07,15.5,0.3,47.1,7532,7431.0,0.1,-5.8,1.2,2026-10-09,15.31,6.48,43.01,10.9,1.4,1.35,0.82,13.56,4.03,-0.11,-12.21,1.18,,89,53,78.0,41,34,-4.9,-15.9,1.0,0.0,2509.6392,18302.1998,30.0,3113223570.0,18166970400000.0,7813068000000.0,8634876480000.0,8617933440000.0,13293484320000.0,1242738240000.0,12048561600000.0,74212717440000.0,56978839680000.0,-828468480000.0,-1946052000000.0,-2774520480000.0,2026-06-30,TTM-gabungan,USD
DEWA,Darma Henwa Tbk,Bakrie,Energy,Ya,JUAL,70,kas<laba,358,3.4,1.85,0.17,1.07,68.37,34.6,-2.2,0.42,0.46,14.6,487.35,179.1,0.84,42.7,417,467.0,5.2,-12.1,-7.1,2026-10-09,15.48,11.53,68.12,33.76,0.68,0.98,0.88,18.33,3.93,0.23,0.11,0.0,0.98,77,73,79.0,62,47,1.8,,3.0,0.0,106.4348,193.6018,1.5,40687434244.0,6357668840000.0,4330559441000.0,4469968816000.0,4443441647000.0,3597592754000.0,486824326000.0,3021728585000.0,15952540404000.0,7877160533000.0,1017270953000.0,-1001952975000.0,15317978000.0,2026-03-31,TTM,IDR
BBTN,Bank Tabungan Negara (Perser,LQ45,Financial Services,Tidak,JUAL,71,,1055,3.5,0.39,0.27,0.44,11.81,43.2,8.8,5.08,1.63,14.8,13.56,15.3,0.5,30.8,1180,1233.0,-4.5,-28.0,-79.7,2026-10-09,,,20.59,0.83,,,,,,-4.06,-127.53,0.0,,97,53,,65,59,9.4,4.8,2.0,0.0,299.0483,2676.1136,53.57,14034444413.0,20386482000000.0,4196977000000.0,,,61379379000000.0,27385200000000.0,33777535000000.0,545161326000000.0,37557768000000.0,-17029561000000.0,-1853416000000.0,-18882977000000.0,2026-06-30,TTM-gabungan,IDR
JPFA,Japfa Comfeed Indonesia Tbk.,,Consumer Defensive,Ya,JUAL,85,,2000,4.5,1.13,0.46,0.57,28.54,96.8,22.0,7.0,0.4,23.3,10.36,22.4,0.9,33.6,2205,2297.0,-1.8,-13.0,-52.9,2026-10-09,23.43,11.37,8.02,13.89,0.77,1.79,0.53,10.86,3.67,1.23,13.07,31.18,0.52,96,80,79.0,85,86,7.4,41.3,2.0,0.0,442.0483,1766.5469,140.0,11627669901.0,64097536000000.0,5139992000000.0,8030386000000.0,7698660000000.0,8207996000000.0,1849630000000.0,6200297000000.0,39333812000000.0,20540824000000.0,6340063000000.0,-3300451000000.0,3039612000000.0,2026-03-31,TTM-gabungan,IDR
LSIP,PP London Sumatra Indonesia ,Salim,Consumer Defensive,Ya,BOW,88,,1460,4.8,0.7,0.49,0.35,15.14,26.7,5.7,5.68,0.0,10.0,12.64,20.2,0.59,38.9,1525,1314.0,1.0,-7.4,25.9,2026-10-09,37.37,34.8,35.11,13.51,-3.36,7.08,6.44,2214.41,0.64,1.28,21.93,27.39,0.17,97,88,100.0,68,87,6.3,22.1,2.0,0.0,302.6825,2100.1243,83.0,6819963965.0,5880175000000.0,2064284000000.0,2493427000000.0,2493427000000.0,329000000.0,8371777000000.0,-8371448000000.0,16294964000000.0,14322772000000.0,2632025000000.0,-448396000000.0,2183629000000.0,2026-06-30,TTM-gabungan,IDR
NCKL,Trimegah Bangun Persada Tbk.,,Basic Materials,Tidak,JUAL,87,kas<laba,855,5.1,1.23,0.46,0.68,27.87,87.2,44.3,4.99,0.2,53.9,33.89,30.6,0.69,39.4,922,1019.0,3.7,-2.4,-33.1,2026-10-09,28.12,24.01,32.68,16.9,0.28,1.69,0.88,23.36,4.08,0.49,7.98,0.0,0.17,91,79,88.0,95,74,45.8,24.2,3.0,-0.12,169.2943,696.521,42.64,62987866700.0,32634946000000.0,10663487000000.0,14181770000000.0,14086999000000.0,8915750000000.0,4885730000000.0,4030020000000.0,70985378000000.0,43872369000000.0,5174942000000.0,-878467000000.0,4296475000000.0,2026-06-30,TTM-gabungan,IDR
ISSP,Steel Pipe Industry of Indon,,Basic Materials,Ya,JUAL,66,"OCF-,FCF-",420,5.3,0.51,0.48,0.28,10.31,93.4,26.1,4.76,0.62,3.0,3.86,1.6,1.04,52.0,426,426.0,-0.6,-7.5,-8.0,2026-10-09,19.61,15.58,9.12,5.95,3.39,2.05,0.65,5.9,6.85,-1.05,-41.0,25.14,,92,42,60.0,80,45,-1.8,20.4,3.0,-0.2,79.6183,817.7871,20.0,7051478435.0,6155032000000.0,561427000000.0,854841000000.0,852724000000.0,3575790000000.0,680732000000.0,2894231000000.0,10451274000000.0,5766608000000.0,-588056000000.0,-626239000000.0,-1214295000000.0,2026-06-30,TTM-gabungan,IDR
WIIM,Wismilak Inti Makmur Tbk.,,Consumer Defensive,Tidak,JUAL,84,,1515,5.5,1.38,0.56,0.69,26.85,112.3,19.1,6.89,0.08,3.2,3.24,4.8,0.28,47.1,1626,1666.0,0.8,-0.5,2.0,2026-10-09,23.27,11.1,8.53,17.34,0.0,2.48,0.58,43.14,4.04,0.85,6.86,37.87,0.56,92,75,90.0,83,80,19.9,18.9,2.0,0.54,275.1653,1098.9882,104.4,2086903760.0,6735437680984.0,574243524613.0,782346632397.0,759563775919.0,191637097350.0,199617349150.0,1499076796.0,3395753959222.0,2293482571440.0,490328491484.0,-273493446294.0,216835045190.0,2026-06-30,TTM-gabungan,IDR
DKFT,Central Omega Resources Tbk.,,Basic Materials,Ya,WSE,88,,670,5.5,2.4,0.5,1.33,53.02,21.7,19.0,10.45,0.34,3.7,4.13,2.7,1.27,54.0,652,683.0,-0.0,0.8,-0.3,2026-10-09,52.75,38.11,41.02,22.7,0.18,2.74,2.45,417.33,4.63,0.83,13.71,50.08,0.08,81,91,94.0,87,88,26.6,114.0,3.0,0.0,121.4482,278.9821,70.0,5513485875.0,1632331515159.0,669602916415.0,829672086845.0,721836738675.0,519153216134.0,659664734928.0,145434374839.0,3219670929659.0,1538163945576.0,552796370694.0,-46295456497.0,506500914197.0,2026-06-30,TTM-gabungan,IDR
ELSA,Elnusa Tbk,,Energy,Ya,JUAL,84,,635,5.7,0.85,0.29,0.49,15.54,31.3,6.5,6.97,0.08,4.6,17.25,11.7,0.37,37.6,694,636.0,1.1,-3.2,-4.5,2026-10-09,9.55,6.0,5.4,7.28,-2.33,1.45,1.36,21.24,2.09,2.2,26.18,39.58,0.32,98,68,93.0,74,91,5.6,23.9,3.0,0.0,111.8901,743.169,44.29,7298500000.0,15119072000000.0,816630000000.0,1049287000000.0,1042859000000.0,442210000000.0,2885629000000.0,-2443419000000.0,11401182000000.0,5424019000000.0,1796043000000.0,-582513000000.0,1213530000000.0,2026-06-30,TTM-gabungan,IDR
SMAR,Sinar Mas Agro Resources and,,Consumer Defensive,Ya,HOLD,72,,8175,5.7,0.97,0.58,0.49,18.58,1028.3,8.7,3.3,0.74,23.5,0.28,2.1,0.18,63.7,6387,5383.0,0.1,0.3,0.8,2026-10-09,14.62,6.42,4.69,8.49,2.58,1.59,0.76,6.7,6.31,1.61,13.0,18.89,0.54,88,70,64.0,56,82,5.0,-22.3,2.0,0.0,1428.7464,8397.6292,270.0,2872193366.0,87410098000000.0,4103636000000.0,6308125000000.0,6062281000000.0,17900241000000.0,1586141000000.0,16297748000000.0,50398674000000.0,24119615000000.0,6610969000000.0,-3558045000000.0,3052924000000.0,2026-06-30,TTM-gabungan,IDR
PWON,Pakuwon Jati Tbk.,,Real Estate,Tidak,JUAL,84,,266,5.8,0.56,0.55,0.58,10.1,104.3,11.1,4.89,0.26,12.8,26.15,6.9,0.61,50.6,266,297.0,2.3,7.9,10.8,2026-10-09,56.05,41.73,31.17,6.01,0.48,3.02,1.7,9.66,4.68,1.39,20.26,28.25,0.16,91,78,90.0,75,87,5.9,15.1,2.0,0.0,46.0213,474.3374,13.0,48159602400.0,7111498504000.0,2216369235000.0,3053476156000.0,2988105226000.0,5937497643000.0,4461085075000.0,1476412568000.0,37695717111000.0,22843899845000.0,3074783160000.0,-479866019000.0,2594917141000.0,2026-06-30,TTM-gabungan,IDR
MAHA,Mandiri Herindo Adiperkasa T,,Industrials,Ya,JUAL,83,,137,6.0,1.22,0.57,0.68,20.16,399.9,44.6,8.76,0.3,2.2,15.11,2.2,0.36,40.1,144,144.0,-0.6,-0.7,-0.4,2026-10-09,20.98,16.5,11.12,13.23,0.53,1.67,1.56,10.71,4.65,1.81,21.92,52.98,0.19,92,84,86.0,64,90,21.2,-21.5,1.0,-0.04,22.6752,111.8723,12.0,16394970000.0,3342606831000.0,371759537000.0,544750586000.0,534728379000.0,558743482000.0,270881380000.0,287862102000.0,2840478359000.0,1834142352000.0,672866965000.0,-125786181000.0,492457060000.0,2026-06-30,TTM-gabungan,IDR
NOBU,Bank Nationalnobu Tbk.,,Financial Services,Tidak,JUAL,73,,496,6.3,0.83,0.49,0.94,14.07,50.4,30.4,0.0,0.0,3.7,7.19,3.8,0.32,42.0,511,512.0,0.1,-0.4,2.2,2026-10-09,,,31.76,1.48,,,,,,5.47,73.85,0.0,0.15,73,62,,93,59,30.6,66.7,3.0,0.0,78.5185,594.8451,,7478443899.0,1849079000000.0,587196000000.0,,,10193000000.0,4100277000000.0,-4090084000000.0,43160198000000.0,4448516000000.0,3212247000000.0,-472968000000.0,2739279000000.0,2026-06-30,TTM,IDR
WINS,Wintermar Offshore Marine Tb,,Industrials,Ya,BOW,85,,550,6.4,0.8,0.61,0.45,13.1,116.3,50.2,1.62,0.4,2.5,2.65,1.6,0.33,45.9,548,519.0,-0.0,-0.4,-1.4,2026-10-09,46.15,36.09,22.97,6.94,0.77,3.77,3.67,17.83,4.38,2.25,4.99,8.52,0.86,87,82,92.0,92,62,10.1,162.3,2.0,1.02,86.1323,691.2991,8.9,4469785110.0,1675764939840.0,384992666400.0,680641734720.0,676144103520.0,1224946716000.0,700939283520.0,524007432480.0,6677189282400.0,3089958326400.0,866259575520.0,-743589444000.0,122670131520.0,2026-06-30,TTM-gabungan,USD
ERAA,Erajaya Swasembada Tbk.,,Consumer Cyclical,Ya,HOLD,73,,605,6.7,1.0,0.64,0.56,15.82,63.0,29.0,4.13,0.84,9.5,96.21,58.5,0.71,57.7,535,410.0,12.6,-15.0,89.6,2026-10-09,10.87,2.09,1.67,4.89,1.13,1.26,0.4,4.41,3.35,4.96,62.9,0.0,0.15,89,59,62.0,75,79,15.7,5.7,2.0,-0.89,90.2487,606.0471,25.0,15642296878.0,84456070239000.0,1411697210000.0,4271014760000.0,2767411601000.0,7980815824000.0,1312396735000.0,4845553666000.0,29348807617000.0,9479968966000.0,7000281261000.0,-1047262921000.0,5953018340000.0,2026-06-30,TTM-gabungan,IDR
SMDR,Samudera Indonesia  Tbk,,Industrials,Ya,HOLD,69,,410,6.8,0.68,0.65,0.38,10.12,62.3,20.0,2.93,0.95,6.7,35.83,14.4,0.86,63.6,350,334.0,0.1,1.0,26.3,2026-10-09,17.71,10.8,6.55,3.94,1.29,2.31,2.29,3.74,4.38,2.93,15.46,22.73,0.64,89,63,71.0,44,82,-11.4,-37.5,1.0,0.0,59.9423,605.957,12.0,16375600000.0,14996157258240.0,981591328320.0,2174152311360.0,2131122530880.0,9377580534720.0,6573056275200.0,2804524259520.0,26319924644640.0,9922909752960.0,2878481108640.0,-1840366005120.0,1038115103520.0,2026-06-30,TTM,USD
INTP,Indocement Tunggal Prakarsa ,LQ45,Basic Materials,Ya,JUAL,83,,4950,6.9,0.74,0.62,0.41,10.55,77.7,15.9,9.45,0.12,16.3,1.07,5.4,0.99,42.8,5226,5186.0,0.7,-4.8,-9.1,2026-10-09,32.71,11.18,12.91,7.77,-0.37,1.47,1.09,18.58,4.55,1.57,16.55,66.26,0.27,94,70,91.0,71,93,2.8,6.9,3.0,-1.98,713.7219,6732.802,468.0,3283724199.0,18149552000000.0,2343666000000.0,3303385000000.0,3008341000000.0,2701245000000.0,3911459000000.0,-1210214000000.0,30231555000000.0,22108665000000.0,3681716000000.0,-990926000000.0,2690790000000.0,2026-06-30,TTM-gabungan,IDR
HRTA,Hartadinata Abadi Tbk.,Logam,Consumer Cyclical,Ya,JUAL,70,,2080,7.2,2.56,0.69,1.45,42.04,34.1,65.2,1.92,1.12,9.6,7.98,17.5,0.99,41.5,2175,2240.0,-12.2,-48.1,-69.5,2026-10-09,3.83,3.21,2.1,14.65,1.56,1.69,0.45,6.62,6.23,0.52,4.74,13.85,0.35,68,56,63.0,94,75,86.0,56.9,3.0,0.0,288.7995,811.1909,40.0,4605262400.0,63303233662381.0,1329997259504.0,2050416067991.0,2010186800309.0,4189281732944.0,983698277704.0,3189473023358.0,11350876052356.0,3735746835279.0,694811034043.0,-240938914845.0,453872119198.0,2026-06-30,TTM,IDR
ACES,Aspirasi Hidup Indonesia Tbk,LQ45,Consumer Cyclical,Ya,JUAL,80,,328,7.3,0.88,0.7,0.5,11.8,60.2,2.3,9.76,0.16,5.6,17.95,6.1,0.68,36.1,350,351.0,-0.8,1.3,-4.7,2026-10-09,47.65,7.2,8.6,8.87,-0.11,4.94,2.28,11.96,3.35,1.6,18.46,71.71,0.16,92,69,94.0,61,88,8.5,0.2,2.0,-0.17,44.7514,371.7251,32.01,17120389700.0,8908461631750.0,766162246072.0,1621458585540.0,1014150493932.0,988865868411.0,1166703195453.0,-177837327042.0,8826928053044.0,6364078418614.0,1228204293854.0,-191704862144.0,1036499431710.0,2026-06-30,TTM-gabungan,IDR
CBDK,Bangun Kosambi Sukses Tbk.,Salim,Real Estate,Tidak,JUAL,73,"FCF-,kas<laba",3450,7.7,1.84,0.73,1.92,28.02,778.3,242.3,0.14,0.02,19.5,1.98,7.1,0.5,41.5,3723,4971.0,0.7,0.6,2.4,2026-10-09,79.12,72.77,72.08,11.49,-1.21,1.51,0.59,119.57,6.14,0.07,-0.3,1.12,1.33,57,67,89.0,100,45,63.4,70.3,3.0,-0.46,448.3475,1872.4068,5.0,5643069200.0,3509992744000.0,2530055766000.0,2649569808000.0,2642854684000.0,217454371000.0,3425899867000.0,-3208445496000.0,22220999185000.0,10566121186000.0,178408810000.0,-236731505000.0,-58322695000.0,2026-06-30,TTM-gabungan,IDR
BLES,Superior Prima Sukses Tbk.,,Basic Materials,Ya,BOW,78,,197,7.9,1.4,0.71,0.78,19.21,9153.6,63.5,0.96,0.43,1.8,11.04,2.2,0.95,51.0,200,162.0,0.1,0.4,-0.2,2026-10-09,33.44,18.61,13.0,11.11,0.92,1.11,0.89,7.27,5.77,1.78,12.85,7.54,0.67,76,84,74.0,80,77,10.5,8.6,2.0,0.0,25.0765,140.669,1.89,8890206400.0,1715181453068.0,222935434198.0,361176078639.0,330565318808.0,533689446787.0,162205830991.0,333679239736.0,2133306736804.0,1250576310854.0,396491505120.0,-264125516324.0,225071402699.0,2026-06-30,TTM-gabungan,IDR
BWPT,Eagle High Plantations Tbk.,,Consumer Defensive,Ya,JUAL,71,,104,8.1,1.08,0.83,0.54,14.61,96.1,46.7,0.0,1.56,3.2,150.39,17.6,0.28,43.4,107,116.0,0.7,-1.9,-4.9,2026-10-09,25.81,19.3,6.43,4.06,3.58,0.77,0.48,2.94,6.22,2.56,20.79,0.0,0.33,76,73,37.0,94,77,8.0,174.6,3.0,0.0,12.8855,96.3861,,31122368200.0,6237928000000.0,401026000000.0,1227973000000.0,1217913000000.0,4666313000000.0,199759000000.0,4396156000000.0,9943233000000.0,2999763000000.0,1026293000000.0,-338219000000.0,673072000000.0,2026-06-30,TTM-gabungan,IDR
ERAL,Sinar Eka Selaras Tbk.,,Consumer Cyclical,Ya,BOW,74,,310,8.1,0.89,0.78,0.5,11.5,35.3,41.0,2.58,0.17,1.6,5.54,1.8,0.99,49.3,311,307.0,0.1,-0.5,1.4,2026-10-09,17.59,4.06,2.52,6.94,0.46,1.95,0.76,11.27,3.33,2.5,14.6,24.29,0.53,84,60,84.0,66,84,28.8,-2.9,1.0,0.0,38.3873,349.0622,8.0,5187500000.0,7896947834690.0,199133907028.0,559764167184.0,323188671762.0,314745265058.0,297737498003.0,256820366806.0,3148220708043.0,1810760188133.0,498142014602.0,-263317726966.0,234824287636.0,2026-06-30,TTM,IDR
DSNG,Dharma Satya Nusantara Tbk.,,Consumer Defensive,Ya,BOW,79,,1500,8.3,1.33,0.85,0.67,17.45,55.1,27.1,3.13,0.29,15.9,4.27,6.8,0.69,44.3,1511,1412.0,-0.1,-3.5,-13.9,2026-10-09,30.74,22.7,15.38,10.87,0.91,1.34,0.67,8.78,6.19,1.34,4.7,25.86,0.71,78,84,76.0,77,73,8.5,15.1,2.0,0.0,181.7199,1130.5908,47.0,10599842400.0,12524098000000.0,1926202000000.0,3009241000000.0,2930428000000.0,3434109000000.0,676925000000.0,2734139000000.0,17814315000000.0,11984084000000.0,2589835000000.0,-1842811000000.0,747024000000.0,2026-06-30,TTM-gabungan,IDR
BSSR,Baramulti Suksessarana Tbk.,,Energy,Ya,HOLD,72,payout>100,5100,8.4,2.51,0.43,1.45,31.96,25.5,-26.9,16.39,0.0,13.3,2.6,13.0,0.31,61.8,4465,3639.0,-0.9,2.5,-5.2,2026-10-09,29.89,15.14,12.52,23.17,-0.54,2.78,2.34,1513.44,6.21,1.69,17.51,129.27,0.14,78,90,98.0,17,74,-11.9,-29.5,0.0,0.0,610.5355,2028.1788,836.13,2616500000.0,12757946278560.0,1597466196960.0,1979678979360.0,1977310274880.0,22880580960.0,1082615163360.0,-1059734582400.0,6987283393440.0,5306729700480.0,2704112380800.0,-366916378560.0,2337196002240.0,2026-03-31,TTM-gabungan,USD
SSMS,Sawit Sumbermas Sarana Tbk.,,Consumer Defensive,Tidak,WSE,64,DER>3,1040,8.7,3.8,0.89,1.9,43.49,51.3,12.0,8.08,3.2,9.9,10.19,11.1,0.82,46.7,1029,1178.0,0.7,-0.4,-17.4,2026-10-09,35.2,16.14,7.72,8.86,2.74,1.36,0.99,4.02,6.53,0.87,4.45,51.16,0.55,65,76,44.0,58,79,9.6,-14.2,2.0,0.0,119.3996,273.7751,83.99,9525000000.0,14738182492000.0,1137281020000.0,2619576732000.0,2537480185000.0,8356820271000.0,909513461000.0,7188031911000.0,13789765557000.0,2607707791000.0,988684514000.0,-547843503000.0,440841011000.0,2026-03-31,TTM-gabungan,IDR
ARNA,Arwana Citramulia Tbk,,Industrials,Ya,HOLD,78,,515,8.7,2.04,0.83,1.14,22.48,30.9,30.1,8.74,0.01,3.6,4.91,2.5,0.36,51.7,506,483.0,0.1,-3.8,-19.4,2026-10-09,30.6,18.61,13.8,15.0,-0.2,1.64,1.45,112.5,6.29,1.88,11.7,76.19,0.46,75,88,94.0,48,86,4.1,-11.4,0.0,-0.51,59.3173,253.0283,45.0,7029976876.0,3021123223358.0,416998910396.0,557712009883.0,553918465727.0,14153474812.0,125038474878.0,-110885000066.0,2780293040761.0,1778782909748.0,782699738783.0,-359037329208.0,423662409575.0,2026-06-30,TTM-gabungan,IDR
ANTM,ANTAM (Persero) Tbk.,LQ45,Basic Materials,Ya,WSE,74,"OCF-,FCF-",3150,8.9,1.95,0.8,1.08,24.14,135.6,12.8,6.67,0.22,75.7,83.89,270.6,0.59,48.0,3132,3255.0,-3.1,-40.7,-90.1,2026-10-09,17.84,9.98,9.66,15.74,-0.03,1.98,0.97,89.02,6.34,-0.05,-1.18,56.69,,75,59,91.0,83,59,22.6,23.6,2.0,0.0,353.0653,1616.5529,209.99,24030764724.0,87814076000000.0,8484428000000.0,11897150000000.0,11726483000000.0,8731397000000.0,9038508000000.0,-307111000000.0,63295662000000.0,38847003000000.0,-382963000000.0,-511986000000.0,-894949000000.0,2026-03-31,TTM-gabungan,IDR
TINS,TIMAH (Persero) Tbk.,Logam,Basic Materials,Ya,HOLD,80,,4560,9.1,3.22,0.82,1.78,41.0,938.8,136.2,1.93,0.11,34.0,37.61,176.5,0.42,51.4,4273,3661.0,6.1,19.7,-42.2,2026-10-09,33.67,27.11,21.0,25.77,0.01,2.62,1.81,52.54,6.75,1.02,10.39,17.64,0.08,59,94,96.0,73,81,-2.6,8.0,2.0,0.0,500.586,1416.1618,88.19,7447753454.0,17752588000000.0,3728241000000.0,5036226000000.0,4991561000000.0,1189095000000.0,4483933000000.0,53760000000.0,16448966000000.0,10547224000000.0,3816688000000.0,-289147000000.0,3527541000000.0,2026-06-30,TTM-gabungan,IDR
ISAT,Indosat Tbk,LQ45,Communication Services,Ya,BOW,74,,2140,9.2,1.86,0.6,1.02,20.83,114.9,13.7,5.19,1.91,69.0,48.12,112.8,0.81,34.5,2324,2113.0,6.0,-11.1,-203.0,2026-10-09,58.56,20.89,12.46,5.94,0.09,0.67,0.66,3.35,2.38,3.17,14.65,47.84,0.57,82,83,50.0,71,88,6.5,5.3,2.0,0.0,232.0361,1148.8036,111.0,32250810957.0,60061700000000.0,7483353000000.0,30148848000000.0,13983574000000.0,70718320000000.0,15781626000000.0,2724939000000.0,138306488000000.0,37049849000000.0,23738631000000.0,-13626061000000.0,10112570000000.0,2026-06-30,TTM-gabungan,IDR
BULL,Buana Lintas Lautan Tbk.,,Industrials,Ya,JUAL,69,,344,9.2,1.4,0.88,0.78,17.23,142.3,11.8,0.0,0.59,5.3,330.99,124.9,0.93,36.1,415,425.0,2.5,8.5,-20.7,2026-10-09,31.8,27.05,21.8,8.66,2.57,0.6,0.56,4.69,9.74,2.35,1.46,0.0,0.62,67,87,54.0,78,41,8.5,,2.0,10.0,37.491,246.3141,,15494436593.0,2664107963040.0,580901432640.0,743840996640.0,739046826720.0,2264068243200.0,348819347040.0,1915248896160.0,7242196669440.0,3816498685440.0,1362779003520.0,-838206625440.0,77908378080.0,2026-03-31,TTM,USD
FPNI,Lotte Chemical Titan Tbk.,,Basic Materials,Ya,JUAL,73,,505,9.6,1.43,0.86,0.79,16.11,394.6,41.9,0.0,0.0,2.8,8.92,4.9,0.17,47.5,512,546.0,0.0,-0.1,-0.3,2026-10-09,5.1,2.18,4.81,10.55,-1.52,1.53,0.79,265.03,6.84,1.5,13.75,0.0,0.12,68,67,91.0,65,77,-12.2,13.7,1.0,0.0,52.8325,353.8878,,5566414000.0,6108818400000.0,294087840000.0,336090240000.0,329483520000.0,2610720000.0,514240800000.0,-511630080000.0,3222747360000.0,1969885920000.0,441780000000.0,-55127040000.0,386652960000.0,2026-06-30,TTM,USD
TOTL,Total Bangun Persada Tbk,,Industrials,Ya,BOW,77,,1455,9.7,4.04,0.92,2.26,40.89,118.6,44.0,7.56,0.0,5.0,3.47,5.4,0.99,43.4,1451,1112.0,-0.4,-5.5,19.5,2026-10-09,17.47,10.34,11.89,12.83,-1.91,1.12,1.1,,9.06,0.5,3.65,73.61,0.29,60,72,86.0,97,77,19.7,65.3,3.0,0.0,149.4345,359.7817,110.0,3410000000.0,4284180500000.0,509571562000.0,452009205000.0,442983388000.0,0.0,864911414000.0,-864911414000.0,4195416440000.0,1226855465000.0,255921108000.0,-75064943000.0,180856165000.0,2026-06-30,TTM-gabungan,IDR
TAPG,Triputra Agro Persada Tbk.,,Consumer Defensive,Ya,BOW,80,,1990,9.8,3.45,1.0,1.73,35.12,61.5,28.4,10.1,0.09,39.5,14.85,30.7,0.37,45.7,2008,1620.0,2.0,-12.0,87.7,2026-10-09,41.48,34.19,34.45,27.26,-0.12,2.36,1.47,84.46,7.51,0.92,7.62,88.24,0.19,63,92,95.0,73,79,6.9,7.5,2.0,0.0,203.9294,576.3316,201.0,19852540000.0,11750959000000.0,4048517000000.0,5179327000000.0,5159326000000.0,1078230000000.0,1706296000000.0,-628066000000.0,14823740000000.0,11441646000000.0,3708726000000.0,-699703000000.0,3009023000000.0,2026-06-30,TTM-gabungan,IDR
MAPI,Mitra Adiperkasa Tbk,LQ45,Consumer Cyclical,Ya,HOLD,71,,1550,10.4,1.68,1.0,0.95,17.99,24.4,23.8,0.65,0.58,25.7,11.26,16.9,0.33,59.4,1504,1360.0,5.0,15.6,48.4,2026-10-09,38.08,9.3,4.88,7.45,0.01,1.64,0.79,8.04,3.27,2.63,17.36,13.42,0.32,67,72,78.0,62,82,16.0,1.8,1.0,0.37,149.7428,921.2323,10.0,16600000000.0,50897695000000.0,2485730000000.0,7898924000000.0,4469829000000.0,8922017000000.0,4421056000000.0,113672000000.0,35416597000000.0,15292457000000.0,6537628000000.0,-2070834000000.0,4466794000000.0,2026-06-30,TTM-gabungan,IDR
AKRA,AKR Corporindo Tbk,LQ45,Energy,Ya,BOW,76,,1450,10.5,2.22,0.54,1.28,21.7,37.0,74.6,6.9,0.42,28.7,13.89,20.5,0.68,48.0,1441,1300.0,1.2,-10.0,-119.2,2026-10-09,7.99,5.93,4.91,7.57,0.24,1.33,1.04,51.78,8.01,2.85,23.53,72.6,0.13,75,73,86.0,65,87,-1.1,1.0,2.0,0.24,137.544,654.4711,100.0,19799769600.0,55443442886000.0,2723338865000.0,3691958523000.0,3640446573000.0,5454476951000.0,8866238987000.0,875908678000.0,39295481702000.0,12958376732000.0,7757177689000.0,-1002622794000.0,6754554895000.0,2026-06-30,TTM-gabungan,IDR
ASGR,Astra Graphia Tbk,,Industrials,Ya,HOLD,81,payout>100,2400,10.7,1.66,1.02,0.93,15.46,46.3,10.4,10.04,0.01,3.2,3.1,6.7,1.64,78.9,1824,1414.0,1.7,-5.0,-9.6,2026-10-09,24.68,10.05,10.02,10.46,-4.36,2.68,2.47,136.32,4.19,1.65,14.91,107.34,0.04,75,76,99.0,79,74,0.9,40.7,3.0,0.0,224.551,1442.77,241.0,1348780500.0,3021185000000.0,302870000000.0,378437000000.0,378437000000.0,25367000000.0,1676345000000.0,-1650978000000.0,2928267000000.0,1945980000000.0,500368000000.0,-17762000000.0,482606000000.0,2026-06-30,TTM-gabungan,IDR
ESSA,ESSA Industries Indonesia Tb,LQ45,Basic Materials,Ya,JUAL,77,,580,11.0,1.21,0.99,0.67,11.55,61.5,33.6,8.97,0.0,10.0,63.29,38.4,0.5,40.5,632,629.0,-1.4,-10.4,-76.6,2026-10-09,37.5,28.19,15.88,7.4,-1.72,11.46,9.57,123.59,4.16,2.58,21.92,20.23,0.06,81,79,100.0,42,82,-26.1,-33.8,1.0,0.0,52.4938,479.7571,52.0,17226975700.0,5693970125760.0,904310197920.0,1701736897440.0,1641505597920.0,2389146240.0,2922561766080.0,-2920172619840.0,12126491130240.0,8264763194880.0,2330105393280.0,-139690161120.0,2190415232160.0,2026-03-31,TTM-gabungan,USD
SCMA,Surya Citra Media Tbk,,Communication Services,Tidak,JUAL,75,payout>100,179,11.5,1.8,0.74,0.98,14.14,48.9,-3.2,11.73,0.12,11.4,67.3,12.2,0.4,42.5,195,242.0,0.5,0.3,-56.2,2026-10-09,40.71,17.03,13.87,9.13,-0.22,2.45,1.97,87.2,7.14,1.31,10.04,135.05,0.11,78,77,96.0,52,68,-1.2,-3.1,2.0,0.06,15.5381,99.438,21.0,63504703280.0,7111725920000.0,986745252000.0,1543642571000.0,1287598458000.0,760262857000.0,1104003864000.0,-343741007000.0,10415521811000.0,6314778627000.0,1288050321000.0,-146795264000.0,1141255057000.0,2026-06-30,TTM-gabungan,IDR
ULTJ,Ultrajaya Milk Industry & Tr,,Consumer Defensive,Ya,HOLD,79,,2150,12.4,2.82,1.27,1.41,23.01,51.7,18.7,6.05,0.01,22.4,31.17,62.8,1.31,81.7,1693,1488.0,9.5,111.7,145.0,2026-10-09,33.37,20.9,17.67,20.31,-1.01,5.56,3.67,19508.05,8.42,1.17,7.46,75.14,0.21,57,88,100.0,71,82,4.6,12.1,2.0,0.0,172.9596,762.3023,130.0,10398175200.0,10180057000000.0,1798464000000.0,2370183000000.0,2301950000000.0,40611000000.0,2435024000000.0,-2394413000000.0,9066914000000.0,7926553000000.0,2098609000000.0,-432212000000.0,1667443000000.0,2026-06-30,TTM-gabungan,IDR
CNMA,Nusantara Sejahtera Raya Tbk,,Communication Services,Ya,JUAL,80,payout>100,89,12.6,1.98,0.82,1.08,15.28,361.0,65.0,13.37,0.44,7.4,15.61,1.4,0.54,41.7,92,98.0,-0.1,-0.3,0.4,2026-10-09,60.57,16.36,10.5,9.06,0.15,2.64,2.47,6.57,4.34,2.56,12.26,168.81,0.4,76,79,86.0,85,72,10.0,15.2,2.0,-1.2,7.0755,44.8807,11.9,83279924292.0,5613000000000.0,589249000000.0,1766093000000.0,972359000000.0,1650525000000.0,1389479000000.0,261046000000.0,6209444000000.0,3737664000000.0,1511193000000.0,-602428000000.0,908765000000.0,2026-06-30,TTM-gabungan,IDR
TLKM,Telkom Indonesia (Persero) T,LQ45,Communication Services,Ya,WSE,69,payout>100,2260,13.0,1.88,0.84,1.03,13.68,21.6,6.4,9.87,0.68,222.8,150.26,361.9,0.84,29.0,2551,2829.0,-46.3,-170.8,-1244.0,2026-10-09,66.88,23.04,11.45,5.74,0.03,0.79,0.78,7.72,3.02,3.86,18.2,125.16,0.39,77,77,69.0,45,75,-0.1,-5.5,1.0,-0.49,173.8064,1200.3639,223.17,98580940800.0,149616000000000.0,17134000000000.0,74468000000000.0,35810000000000.0,80885000000000.0,54579000000000.0,2336000000000.0,303087000000000.0,118333000000000.0,66131000000000.0,-25589000000000.0,40542000000000.0,2026-06-30,TTM,IDR
OMED,Jayamas Medica Industri Tbk.,,Healthcare,Ya,JUAL,79,,216,13.5,2.06,0.78,1.17,16.13,66.4,36.3,1.89,0.09,5.8,8.1,1.7,0.7,48.4,223,225.0,-1.1,-1.2,-0.7,2026-10-09,35.75,19.81,18.77,13.63,-1.71,8.29,5.89,27.88,8.24,0.86,4.2,47.78,0.34,65,78,99.0,74,82,5.9,8.7,2.0,-0.19,16.0196,104.7645,4.08,27008119900.0,2304764243821.0,432658133716.0,586376042441.0,562426820838.0,262643945729.0,1264486619840.0,-1001842674111.0,3412388491400.0,2829491182510.0,373885512373.0,-128859128610.0,245026383763.0,2026-06-30,TTM-gabungan,IDR
MARK,Mark Dynamics Indonesia Tbk.,,Healthcare,Ya,HOLD,78,payout>100,1195,13.5,5.09,0.78,2.89,36.98,43.5,58.3,7.53,0.0,4.5,14.11,16.5,0.86,59.1,1112,875.0,-0.1,0.1,14.5,2026-10-09,47.27,39.57,32.71,32.94,-0.09,4.2,2.6,390.57,10.05,0.98,6.52,101.64,0.1,59,94,99.0,65,72,0.5,5.3,1.0,0.0,88.5547,234.6719,90.0,3800000310.0,1028702898530.0,336508039121.0,447657803271.0,435408217142.0,3366350000.0,43210400397.0,-39844050397.0,1024525000893.0,891753183643.0,329822235614.0,-33797824245.0,296024411369.0,2026-06-30,TTM-gabungan,IDR
ARCI,Archi Indonesia Tbk.,,Basic Materials,Ya,JUAL,68,,1240,14.5,4.5,1.31,2.49,36.51,107.6,89.3,3.27,1.23,31.3,23.55,30.8,0.49,44.5,1276,1397.0,16.1,23.3,80.5,2026-10-09,44.76,43.07,22.37,12.6,1.9,1.02,0.48,6.54,9.51,0.66,0.26,39.71,0.94,42,84,57.0,95,56,31.9,91.3,2.0,1.61,85.3897,275.7496,40.5,25235000000.0,9632317684800.0,2154809540160.0,4111018430880.0,4111018430880.0,8583552477600.0,700860624480.0,7792901910720.0,18846768286080.0,6958540378560.0,1414313373120.0,-1334283811680.0,80029561440.0,2026-03-31,TTM-gabungan,USD
CMRY,Cisarua Mountain Dairy Tbk.,,Consumer Defensive,Ya,JUAL,76,,4430,15.9,4.91,1.62,2.46,30.71,28.5,37.2,7.9,0.0,35.2,2.79,12.4,0.29,47.7,4520,4665.0,0.3,2.4,-10.8,2026-10-09,44.38,42.91,18.37,24.55,-0.19,2.03,1.35,639.92,12.07,0.87,2.96,71.78,0.46,42,88,95.0,86,75,18.9,24.2,3.0,0.0,278.5994,902.7029,350.0,7934683000.0,12036789000000.0,2210598000000.0,2866150000000.0,2793247000000.0,449000000.0,558058000000.0,-557609000000.0,9247647000000.0,7162661000000.0,1917419000000.0,-878203000000.0,1039216000000.0,2026-06-30,TTM-gabungan,IDR
DATA,Remala Abadi Tbk.,,Communication Services,Ya,JUAL,68,FCF-,1505,16.4,4.99,1.06,2.73,37.24,137.4,50.4,0.0,1.14,2.1,1.46,2.4,0.58,30.7,1788,2743.0,-0.0,-0.1,-0.5,2026-10-09,74.04,43.05,26.65,15.95,2.13,0.38,0.26,8.03,11.68,1.56,-8.37,0.0,1.88,40,98,51.0,100,32,27.1,57.8,3.0,0.0,91.9865,301.3748,,1375000000.0,474690868218.0,126481411985.0,216640870646.0,207646664610.0,473500726261.0,9786961354.0,460842040597.0,1111678383877.0,414390341969.0,197714873853.0,-371016208067.0,-173301334214.0,2026-06-30,TTM,IDR
SILO,Siloam International Hospita,,Healthcare,Ya,JUAL,65,,1905,20.0,2.41,1.16,1.37,12.94,22.3,14.8,0.0,0.24,24.7,1.88,3.8,0.33,36.4,2137,2403.0,-0.4,-1.6,-8.0,2026-10-09,38.7,14.29,9.16,8.47,0.3,0.72,0.68,15.64,8.85,2.0,2.52,0.0,0.75,47,74,76.0,70,58,10.5,16.9,2.0,-0.01,95.2086,791.6194,,12987503744.0,13505885000000.0,1236522000000.0,2890955000000.0,1825470000000.0,2450355000000.0,1226974000000.0,854207000000.0,15832534000000.0,10281160000000.0,2474830000000.0,-1851564000000.0,623266000000.0,2026-06-30,TTM-gabungan,IDR
RAJA,Rukun Raharja Tbk,Hapsoro,Utilities,Ya,JUAL,73,,665,20.5,3.61,0.82,1.0,19.13,205.1,23.4,1.2,1.36,14.1,52.96,37.6,0.95,35.8,789,885.0,0.2,-6.3,-6.2,2026-10-09,30.24,17.13,14.3,7.43,2.16,1.34,1.33,6.2,12.09,1.43,2.27,40.66,0.68,59,81,62.0,91,71,28.2,45.6,2.0,0.0,32.4693,184.0131,8.0,21135412500.0,4799043796800.0,686251923360.0,1415314681920.0,1377618975360.0,5276625470400.0,2198304206400.0,3061935372960.0,11120587534080.0,3889193473440.0,980101033440.0,-661736143680.0,318364889760.0,2026-06-30,TTM,USD
RMKE,RMK Energy Tbk.,,Energy,Ya,JUAL,59,,332,22.8,3.76,1.17,2.17,17.21,105.5,130.8,1.81,0.55,7.3,58.42,22.1,0.43,30.9,400,658.0,0.2,-1.3,-13.2,2026-10-09,16.26,13.59,9.86,11.1,1.13,2.79,2.74,8.37,16.76,0.91,0.18,41.11,0.95,36,73,83.0,48,59,-6.7,-14.7,0.0,0.0,14.5813,88.3978,6.0,21875000000.0,3233965567262.0,318965209281.0,464752171743.0,462451776342.0,1073050515844.0,547270597945.0,524844165828.0,3484591001963.0,1933701673079.0,289648627694.0,-276327365390.0,13321262304.0,2026-06-30,TTM-gabungan,IDR
