Tanggal,Ticker,Nama,Status,Skor,TanggalBeli,HargaBeli,Lot,Lembar,Modal,TanggalAkhir,HargaAkhir,HariKe,Selesai,Ulang,Nilai,LabaRp,Laba%,Puncak%,Jatuh%,Hari0%,Hari1%,Hari2%,Hari3%,Hari4%,Hari5%,Hari6%,Hari7%,Hari8%,Hari9%,Hari10%,Hari11%,Hari12%,Hari13%,Hari14%,Hari15%,Hari16%,Hari17%,Hari18%,Hari19%,Hari20%,Hari21%,IHSG%,Acak%,Selisih%
2026-08-11,ACES,Aspirasi Hidup Indonesia Tbk,BUY,80,2026-08-12,360.0,277,27700,9986958,2026-09-14,354.0,21,Ya,Tidak,9781286,-205672,-2.06,0.15,-3.17,-0.4,-2.06,-2.06,-2.06,0.15,0.15,-0.4,0.15,-2.06,-0.95,-0.4,-1.51,-2.06,-3.17,-1.51,-0.95,-0.95,-1.51,-2.06,-2.61,-2.61,-2.06,3.68,4.67,-6.73
2026-08-11,BDMN,Bank Danamon Indonesia Tbk.,BUY,67,2026-08-12,4200.0,23,2300,9674490,2026-09-14,4470.0,21,Ya,Tidak,10255298,580808,6.0,7.66,-1.59,1.97,-1.35,-1.59,1.97,1.97,1.97,1.97,1.26,-0.4,2.21,1.5,1.97,3.63,2.68,6.0,5.77,4.34,4.58,7.66,5.05,5.77,6.0,3.68,4.67,1.33
2026-08-11,HMSP,H.M. Sampoerna Tbk.,BUY,71,2026-08-12,740.0,135,13500,10004985,2026-09-14,720.0,21,Ya,Tidak,9695700,-309285,-3.09,2.97,-3.09,-1.75,-1.75,1.62,0.27,0.27,0.95,0.27,0.27,-1.07,0.27,-1.07,-0.4,-1.07,-1.75,0.27,-0.4,0.95,2.97,0.27,-0.4,-1.75,-3.09,3.68,4.67,-7.76
2026-08-11,ISAT,Indosat Tbk,BUY,75,2026-08-12,2200.0,45,4500,9914850,2026-09-14,2380.0,21,Ya,Tidak,10683225,768375,7.75,24.05,6.39,11.37,11.82,14.99,17.71,24.05,23.6,23.14,19.07,12.28,18.16,14.54,13.18,8.2,6.84,9.56,8.2,6.39,6.84,8.66,8.66,10.01,7.75,3.68,4.67,3.08
2026-08-11,ITMG,Indo Tambangraya Megah Tbk,BUY,73,2026-08-12,24675.0,4,400,9884805,2026-09-14,26150.0,21,Ya,Tidak,10433850,549045,5.55,7.98,-1.41,-0.1,-1.41,0.91,-0.1,0.91,2.53,1.72,2.53,1.32,3.13,3.54,5.15,4.95,5.35,5.55,5.35,7.07,7.98,7.17,5.35,5.35,5.55,3.68,4.67,0.88
2026-08-11,MMIX,Multi Medika Internasional T,BUY,53,2026-08-12,740.0,135,13500,10004985,2026-09-14,855.0,21,Ya,Tidak,11513644,1508659,15.08,15.08,0.27,0.27,0.95,2.29,2.97,3.64,4.31,4.31,4.98,4.31,5.66,7.68,4.98,4.98,5.66,6.33,7.68,8.35,9.02,12.39,12.39,14.41,15.08,3.68,4.67,10.41
2026-08-11,MSJA,Multi Spunindo Jaya Tbk.,BUY,58,2026-08-12,420.0,238,23800,10010994,2026-09-14,785.0,21,Ya,Tidak,18636292,8625298,86.16,111.06,-0.87,1.02,-0.87,1.02,3.87,4.34,6.71,3.87,2.92,1.97,2.45,4.82,4.82,5.29,6.71,4.34,6.71,24.5,47.03,73.12,111.06,95.64,86.16,3.68,4.67,81.49
2026-08-11,PGEO,Pertamina Geothermal Energy ,BUY,76,2026-08-12,1055.0,94,9400,9931876,2026-09-14,1030.0,21,Ya,Tidak,9657795,-274080,-2.76,3.85,-5.12,1.02,-0.4,3.38,3.85,-0.87,1.02,0.54,0.54,-5.12,-2.76,-2.76,-2.29,-1.82,-2.29,-1.82,-2.29,-3.23,-2.76,-2.29,-4.18,-3.23,-2.76,3.68,4.67,-7.43
2026-08-11,SMIL,Sarana Mitra Luas Tbk.,BUY,53,2026-08-12,370.0,270,27000,10004985,2026-09-14,424.0,21,Ya,Tidak,11419380,1414395,14.14,23.83,-0.4,1.75,1.75,2.29,-0.4,0.68,4.98,7.68,4.98,9.29,9.29,10.91,10.91,10.91,11.98,11.98,15.21,15.75,21.67,23.83,18.98,16.83,14.14,3.68,4.67,9.47
2026-08-11,TAPG,Triputra Agro Persada Tbk.,BUY,82,2026-08-12,1735.0,57,5700,9904334,2026-09-14,2250.0,21,Ya,Tidak,12792938,2888603,29.17,40.65,2.18,3.62,2.18,2.76,5.05,5.05,9.93,12.52,11.37,11.94,17.68,16.54,19.98,33.76,34.91,34.91,28.02,29.74,35.48,40.65,29.17,30.31,29.17,3.68,4.67,24.5
2026-08-12,GGRM,Gudang Garam Tbk,BUY,73,2026-08-13,19575.0,5,500,9802181,2026-09-15,17875.0,21,Ya,Tidak,8915156,-887025,-9.05,5.83,-9.05,1.89,2.78,3.16,2.4,2.91,5.2,3.42,-0.65,-0.02,-0.65,5.83,3.42,2.27,3.29,2.14,2.27,2.53,0.49,-0.78,-1.42,-3.33,-9.05,0.74,1.75,-10.8
2026-08-13,BDMN,Bank Danamon Indonesia Tbk.,BOW,68,2026-08-14,4150.0,24,2400,9974940,2026-09-15,4430.0,20,Tidak,Ya,10605420,630480,6.32,8.96,-0.4,-0.4,3.2,3.2,3.2,3.2,2.48,0.8,3.44,2.72,3.2,4.88,3.92,7.28,7.04,5.6,5.84,8.96,6.32,7.04,7.28,6.32,,2.2,3.87,2.45
2026-08-13,ESSA,ESSA Industries Indonesia Tb,BUY,75,2026-08-14,660.0,151,15100,9980949,2026-09-15,620.0,20,Tidak,Tidak,9338595,-642354,-6.44,8.66,-8.7,-1.15,-1.91,-6.44,-4.17,-5.68,-7.19,-8.7,-7.19,-7.19,-1.91,4.88,7.9,8.66,6.39,3.37,4.13,4.88,2.62,-1.15,-1.91,-6.44,,2.2,3.87,-10.31
2026-08-13,MARK,Mark Dynamics Indonesia Tbk.,BUY,79,2026-08-14,1090.0,91,9100,9933878,2026-09-15,1155.0,20,Tidak,Tidak,10484224,550345,5.54,5.54,-3.6,-1.77,0.51,-0.4,0.97,0.06,0.06,-3.6,-2.68,-1.77,-2.23,-1.77,-1.77,-0.86,-1.77,-2.68,-1.31,-1.77,0.97,0.97,1.43,5.54,,2.2,3.87,1.67
2026-08-13,TAPG,Triputra Agro Persada Tbk.,BUY,82,2026-08-14,1780.0,56,5600,9982952,2026-09-15,2230.0,20,Tidak,Ya,12456780,2473828,24.78,37.09,0.16,0.16,2.4,2.4,7.15,9.67,8.55,9.11,14.71,13.59,16.95,30.38,31.5,31.5,24.78,26.46,32.05,37.09,25.9,27.02,25.9,24.78,,2.2,3.87,20.91
2026-08-14,AADI,Adaro Andalan Indonesia Tbk.,BUY,73,2026-08-18,9425.0,10,1000,9439138,2026-09-15,12275.0,19,Tidak,Tidak,12244312,2805175,29.72,31.57,2.77,2.77,2.77,4.62,3.56,8.32,5.68,7.0,8.05,14.4,14.92,12.55,18.09,18.89,23.64,24.17,31.57,29.72,29.19,29.19,29.72,,,-0.21,2.81,26.91
2026-08-14,ADMR,Alamtri Minerals Indonesia T,BUY,59,2026-08-18,1685.0,59,5900,9956412,2026-09-15,1580.0,19,Tidak,Tidak,9298695,-657717,-6.61,3.44,-6.61,-0.99,-3.35,-0.1,-0.99,-0.69,-0.4,1.67,1.08,3.44,-0.4,-5.72,-1.88,-2.17,-2.76,-3.35,-0.99,-2.76,-5.42,-5.72,-6.61,,,-0.21,2.81,-9.42
2026-08-14,BDMN,Bank Danamon Indonesia Tbk.,BOW,68,2026-08-18,4210.0,23,2300,9697524,2026-09-15,4430.0,19,Tidak,Ya,10163528,466003,4.81,7.41,-0.64,1.73,1.73,1.73,1.73,1.02,-0.64,1.97,1.26,1.73,3.39,2.44,5.75,5.52,4.1,4.33,7.41,4.81,5.52,5.75,4.81,,,-0.21,2.81,2.0
2026-08-14,ITMG,Indo Tambangraya Megah Tbk,BUY,73,2026-08-18,25000.0,4,400,10015000,2026-09-15,26175.0,19,Tidak,Ya,10443825,428825,4.28,6.57,-1.4,-1.4,-0.4,1.19,0.4,1.19,-0.0,1.79,2.19,3.78,3.58,3.98,4.18,3.98,5.68,6.57,5.78,3.98,3.98,4.18,4.28,,,-0.21,2.81,1.47
2026-08-14,MDKA,Merdeka Copper Gold Tbk.,BUY,31,2026-08-18,2900.0,34,3400,9874790,2026-09-15,2810.0,19,Tidak,Tidak,9530115,-344675,-3.49,7.16,-3.49,-1.09,-2.12,0.97,1.32,1.66,3.72,4.07,4.41,0.97,-0.06,-1.09,0.29,-0.4,-1.09,7.16,6.81,5.1,4.75,-1.09,-3.49,,,-0.21,2.81,-6.3
2026-08-14,TINS,TIMAH (Persero) Tbk.,BUY,82,2026-08-18,3920.0,25,2500,9814700,2026-09-15,4740.0,19,Tidak,Tidak,11820375,2005675,20.44,20.44,-0.91,-0.91,2.9,1.38,2.4,4.94,2.14,3.67,2.4,2.65,3.92,1.89,3.92,12.3,13.83,11.8,16.88,18.15,20.44,19.42,20.44,,,-0.21,2.81,17.63
2026-08-14,VKTR,VKTR Teknologi Mobilitas Tbk,BUY,30,2026-08-18,900.0,111,11100,10004985,2026-09-15,755.0,19,Tidak,Tidak,8359549,-1645436,-16.45,6.79,-16.45,-3.17,-3.17,2.92,1.26,-0.95,-8.15,0.15,6.79,6.24,2.92,3.47,1.26,-4.27,-2.61,-3.17,-5.38,-10.91,-12.02,-15.34,-16.45,,,-0.21,2.81,-19.26
2026-08-18,ADMR,Alamtri Minerals Indonesia T,BUY,59,2026-08-19,1670.0,59,5900,9867780,2026-09-15,1580.0,18,Tidak,Ya,9298695,-569084,-5.77,4.37,-5.77,-2.49,0.79,-0.1,0.2,0.5,2.58,1.99,4.37,0.5,-4.87,-1.0,-1.29,-1.89,-2.49,-0.1,-1.89,-4.57,-4.87,-5.77,,,,0.42,1.65,-7.42
2026-08-18,ADRO,Alamtri Resources Indonesia ,BUY,72,2026-08-19,2570.0,38,3800,9780649,2026-09-15,2590.0,18,Tidak,Tidak,9817395,36746,0.38,10.06,-1.17,-0.79,-0.79,-1.17,1.93,1.15,4.64,3.48,10.06,7.74,2.7,6.19,5.41,4.64,4.25,4.25,3.48,2.31,1.54,0.38,,,,0.42,1.65,-1.27
2026-08-18,APLN,Agung Podomoro Land Tbk.,BUY,61,2026-08-19,138.0,724,72400,10006187,2026-09-15,128.0,18,Tidak,Tidak,9244032,-762155,-7.62,5.37,-8.34,4.65,5.37,3.21,1.77,-5.45,-1.12,-3.29,-2.56,-1.12,-1.84,-0.4,-1.84,-3.29,-2.56,-5.45,-7.62,-8.34,-7.62,-7.62,,,,0.42,1.65,-9.27
2026-08-18,BDMN,Bank Danamon Indonesia Tbk.,BUY,67,2026-08-19,4340.0,23,2300,9996973,2026-09-15,4430.0,18,Tidak,Ya,10163528,166554,1.67,4.19,-3.61,-1.32,-1.32,-1.32,-2.01,-3.61,-1.09,-1.78,-1.32,0.29,-0.63,2.58,2.35,0.98,1.21,4.19,1.67,2.35,2.58,1.67,,,,0.42,1.65,0.02
2026-08-18,HMSP,H.M. Sampoerna Tbk.,BUY,71,2026-08-19,750.0,133,13300,9989962,2026-09-15,660.0,18,Tidak,Ya,8756055,-1233908,-12.35,1.59,-12.35,-1.06,-0.4,-1.06,-1.06,-2.39,-1.06,-2.39,-1.73,-2.39,-3.06,-1.06,-1.73,-0.4,1.59,-1.06,-1.73,-3.06,-4.38,-12.35,,,,0.42,1.65,-14.0
2026-08-18,ITMG,Indo Tambangraya Megah Tbk,BUY,73,2026-08-19,24750.0,4,400,9914850,2026-09-15,26175.0,18,Tidak,Ya,10443825,528975,5.34,7.65,0.61,0.61,2.22,1.41,2.22,1.01,2.82,3.22,4.83,4.63,5.03,5.23,5.03,6.74,7.65,6.84,5.03,5.03,5.23,5.34,,,,0.42,1.65,3.69
2026-08-18,MAPA,Map Aktif Adiperkasa Tbk.,BUY,78,2026-08-19,675.0,148,14800,10004985,2026-09-15,645.0,18,Tidak,Tidak,9522135,-482850,-4.83,6.98,-4.83,-4.83,-0.4,-1.14,-3.35,-0.4,4.03,6.98,6.24,4.77,2.55,3.29,3.29,1.81,3.29,3.29,2.55,-2.61,-4.09,-4.83,,,,0.42,1.65,-6.48
2026-08-18,MMIX,Multi Medika Internasional T,BUY,53,2026-08-19,765.0,130,13000,9959918,2026-09-15,860.0,18,Tidak,Ya,11152050,1192132,11.97,11.97,0.25,0.25,0.9,0.9,1.55,0.9,2.2,4.16,1.55,1.55,2.2,2.86,4.16,4.81,5.46,8.71,8.71,10.67,11.32,11.97,,,,0.42,1.65,10.32
2026-08-18,OMED,Jayamas Medica Industri Tbk.,BUY,78,2026-08-19,234.0,427,42700,10006788,2026-09-15,214.0,18,Tidak,Tidak,9114956,-891832,-8.91,7.26,-8.91,-1.25,0.45,-0.4,-0.4,-2.1,-1.25,-1.25,0.45,3.01,4.71,7.26,5.56,7.26,-5.51,-8.06,-8.91,-8.91,-8.91,-8.91,,,,0.42,1.65,-10.56
2026-08-18,SSIA,Surya Semesta Internusa Tbk,BUY,51,2026-08-19,1680.0,59,5900,9926868,2026-09-15,1720.0,18,Tidak,Tidak,10122630,195762,1.97,15.01,0.49,4.34,4.64,5.23,12.64,6.71,9.98,10.57,15.01,13.24,11.46,11.75,7.31,6.42,6.71,4.64,3.75,0.49,0.49,1.97,,,,0.42,1.65,0.32
2026-08-19,ACES,Aspirasi Hidup Indonesia Tbk,BUY,80,2026-08-20,364.0,274,27400,9988560,2026-09-15,354.0,17,Tidak,Ya,9675351,-313209,-3.14,-0.95,-4.23,-0.95,-1.49,-0.95,-3.14,-2.04,-1.49,-2.59,-3.14,-4.23,-2.59,-2.04,-2.04,-2.59,-3.14,-3.68,-3.68,-3.14,-3.14,,,,,-0.18,1.02,-4.16
2026-08-19,APLN,Agung Podomoro Land Tbk.,BUY,60,2026-08-20,147.0,680,68000,10010994,2026-09-15,128.0,17,Tidak,Ya,8682240,-1328754,-13.27,-1.08,-13.95,-1.08,-3.11,-4.46,-11.24,-7.17,-9.21,-8.53,-7.17,-7.85,-6.5,-7.85,-9.21,-8.53,-11.24,-13.27,-13.95,-13.27,-13.27,,,,,-0.18,1.02,-14.29
2026-08-19,ELSA,Elnusa Tbk,BUY,84,2026-08-20,720.0,138,13800,9950904,2026-09-15,720.0,17,Tidak,Tidak,9911160,-39744,-0.4,3.75,-6.62,0.98,-1.09,-1.78,-6.62,-3.86,-4.55,-0.4,0.98,-1.09,3.06,0.98,0.29,1.68,3.75,0.98,0.29,0.29,-0.4,,,,,-0.18,1.02,-1.42
2026-08-19,FAST,Fast Food Indonesia Tbk,BUY,19,2026-08-20,454.0,220,22000,10002982,2026-09-15,432.0,17,Tidak,Tidak,9480240,-522742,-5.23,7.94,-5.23,7.94,3.55,1.36,0.04,4.87,2.67,4.43,2.23,3.55,2.67,0.48,0.92,1.79,-0.4,-2.15,-3.47,-4.79,-5.23,,,,,-0.18,1.02,-6.25
2026-08-19,MEDC,Medco Energi Internasional T,BUY,60,2026-08-20,1440.0,69,6900,9950904,2026-09-15,1565.0,17,Tidak,Tidak,10771504,820600,8.25,8.94,-8.7,-1.78,-3.86,-3.17,-8.7,-5.93,-5.93,-2.82,0.98,-0.05,2.71,3.4,2.71,6.17,8.94,8.59,7.55,8.94,8.25,,,,,-0.18,1.02,7.23
2026-08-19,MMIX,Multi Medika Internasional T,BUY,53,2026-08-20,765.0,130,13000,9959918,2026-09-15,860.0,17,Tidak,Ya,11152050,1192132,11.97,11.97,0.9,0.9,0.9,1.55,0.9,2.2,4.16,1.55,1.55,2.2,2.86,4.16,4.81,5.46,8.71,8.71,10.67,11.32,11.97,,,,,-0.18,1.02,10.95
2026-08-19,SSIA,Surya Semesta Internusa Tbk,BUY,51,2026-08-20,1770.0,56,5600,9926868,2026-09-15,1720.0,17,Tidak,Ya,9607920,-318948,-3.21,9.17,-4.62,-0.68,-0.12,6.92,1.29,4.38,4.95,9.17,7.48,5.79,6.07,1.85,1.01,1.29,-0.68,-1.52,-4.62,-4.62,-3.21,,,,,-0.18,1.02,-4.23
2026-08-20,BFIN,BFI Finance  Indonesia Tbk,BUY,68,2026-08-21,890.0,112,11200,9982952,2026-09-15,980.0,16,Tidak,Tidak,10948560,965608,9.67,14.15,-3.76,-1.52,-3.76,-1.52,-1.52,2.96,4.08,9.67,6.32,7.99,6.32,13.59,14.15,13.03,13.03,12.47,11.35,9.67,,,,,,-1.36,-1.12,10.79
2026-08-20,BULL,Buana Lintas Lautan Tbk.,BUY,65,2026-08-21,462.0,216,21600,9994169,2026-09-15,416.0,16,Tidak,Tidak,8963136,-1031033,-10.32,-0.83,-11.18,-0.83,-3.42,-11.18,-5.57,-7.3,-3.85,-3.85,-0.83,-2.56,-6.0,-5.57,-7.73,-6.44,-9.02,-7.73,-8.59,-10.32,,,,,,-1.36,-1.12,-9.2
2026-08-20,DSNG,Dharma Satya Nusantara Tbk.,BUY,80,2026-08-21,1430.0,69,6900,9881800,2026-09-15,1600.0,16,Tidak,Tidak,11012400,1130600,11.44,19.1,0.3,0.3,1.69,2.39,9.0,7.96,11.44,19.1,18.41,13.88,14.23,15.62,15.27,18.06,15.97,13.18,14.92,11.44,,,,,,-1.36,-1.12,12.56
2026-08-20,OMED,Jayamas Medica Industri Tbk.,BUY,78,2026-08-21,242.0,413,41300,10009592,2026-09-15,214.0,16,Tidak,Ya,8816104,-1193487,-11.92,3.72,-11.92,-3.69,-3.69,-5.34,-4.52,-4.52,-2.87,-0.4,1.25,3.72,2.07,3.72,-8.63,-11.1,-11.92,-11.92,-11.92,-11.92,,,,,,-1.36,-1.12,-10.8
2026-08-20,SIMP,Salim Ivomas Pratama Tbk.,BUY,78,2026-08-21,615.0,162,16200,9977944,2026-09-15,610.0,16,Tidak,Tidak,9857295,-120650,-1.21,6.08,-4.45,-0.4,-0.4,-4.45,-1.21,-0.4,0.41,2.03,6.08,4.46,4.46,2.03,2.84,2.84,0.41,-0.4,0.41,-1.21,,,,,,-1.36,-1.12,-0.09
2026-08-20,VKTR,VKTR Teknologi Mobilitas Tbk,BUY,30,2026-08-21,915.0,109,10900,9988460,2026-09-15,755.0,16,Tidak,Ya,8208926,-1779534,-17.82,5.04,-17.82,-0.4,-2.58,-9.65,-1.49,5.04,4.5,1.23,1.78,-0.4,-5.84,-4.21,-4.75,-6.93,-12.37,-13.46,-16.73,-17.82,,,,,,-1.36,-1.12,-16.7
2026-08-21,DSNG,Dharma Satya Nusantara Tbk.,BUY,80,2026-08-24,1440.0,69,6900,9950904,2026-09-15,1600.0,15,Tidak,Ya,11012400,1061496,10.67,18.28,0.98,0.98,1.68,8.25,7.21,10.67,18.28,17.58,13.09,13.43,14.82,14.47,17.24,15.16,12.4,14.13,10.67,,,,,,,-1.66,-0.75,11.42
2026-08-21,FAST,Fast Food Indonesia Tbk,BUY,19,2026-08-24,474.0,210,21000,9968931,2026-09-15,432.0,15,Tidak,Ya,9049320,-919611,-9.22,0.44,-9.22,-2.92,-4.18,0.44,-1.66,0.02,-2.08,-0.82,-1.66,-3.76,-3.34,-2.5,-4.6,-6.28,-7.54,-8.8,-9.22,,,,,,,-1.66,-0.75,-8.47
2026-08-21,LSIP,PP London Sumatra Indonesia ,BUY,89,2026-08-24,1460.0,68,6800,9942892,2026-09-15,1685.0,15,Tidak,Tidak,11429355,1486463,14.95,17.34,-3.13,-0.06,-3.13,-0.4,-0.06,1.31,3.01,9.83,12.9,14.95,12.22,16.66,17.34,14.95,15.97,16.31,14.95,,,,,,,-1.66,-0.75,15.7
2026-08-21,OASA,Maharaksa Biru Energi Tbk.,BUY,31,2026-08-24,326.0,306,30600,9990563,2026-09-15,282.0,15,Tidak,Tidak,8607627,-1382936,-13.84,2.66,-13.84,-2.84,-4.68,-1.01,-1.01,2.04,2.66,-0.4,0.82,-2.23,-2.23,-2.23,-1.01,-4.68,-6.51,-9.57,-13.84,,,,,,,-1.66,-0.75,-13.09
2026-08-21,SSIA,Surya Semesta Internusa Tbk,BUY,51,2026-08-24,1800.0,55,5500,9914850,2026-09-15,1720.0,15,Tidak,Ya,9436350,-478500,-4.83,7.35,-6.21,5.13,-0.4,2.64,3.2,7.35,5.69,4.03,4.3,0.15,-0.68,-0.4,-2.34,-3.17,-6.21,-6.21,-4.83,,,,,,,-1.66,-0.75,-4.08
2026-08-24,ADMR,Alamtri Minerals Indonesia T,BUY,60,2026-08-26,1710.0,58,5800,9932877,2026-09-15,1580.0,14,Tidak,Ya,9141090,-791787,-7.97,1.93,-7.97,-1.86,0.18,-0.4,1.93,-1.86,-7.1,-3.31,-3.6,-4.19,-4.77,-2.44,-4.19,-6.81,-7.1,-7.97,,,,,,,,-1.1,0.13,-8.1
2026-08-24,ADRO,Alamtri Resources Indonesia ,BUY,72,2026-08-26,2630.0,38,3800,10008991,2026-09-15,2590.0,14,Tidak,Ya,9817395,-191596,-1.91,7.55,-1.91,-1.16,2.25,1.12,7.55,5.28,0.36,3.77,3.01,2.25,1.87,1.87,1.12,-0.02,-0.78,-1.91,,,,,,,,-1.1,0.13,-2.04
2026-08-24,MMIX,Multi Medika Internasional T,BUY,53,2026-08-26,780.0,128,12800,9998976,2026-09-15,860.0,14,Tidak,Ya,10980480,981504,9.82,9.82,-1.04,-1.04,0.24,2.15,-0.4,-0.4,0.24,0.88,2.15,2.79,3.43,6.62,6.62,8.54,9.18,9.82,,,,,,,,-1.1,0.13,9.69
2026-08-24,OMED,Jayamas Medica Industri Tbk.,BUY,78,2026-08-26,236.0,423,42300,9997774,2026-09-15,214.0,14,Tidak,Ya,9029570,-968205,-9.68,6.35,-9.68,-2.93,-2.09,-2.09,-0.4,2.13,3.82,6.35,4.67,6.35,-6.31,-8.84,-9.68,-9.68,-9.68,-9.68,,,,,,,,-1.1,0.13,-9.81
2026-08-24,SMIL,Sarana Mitra Luas Tbk.,BUY,52,2026-08-26,390.0,256,25600,9998976,2026-09-15,430.0,14,Tidak,Ya,10980480,981504,9.82,17.48,3.69,3.69,3.69,5.22,5.22,5.22,6.24,6.24,9.31,9.82,15.43,17.48,12.88,10.84,8.28,9.82,,,,,,,,-1.1,0.13,9.69
2026-08-26,ADMR,Alamtri Minerals Indonesia T,BUY,60,2026-08-27,1680.0,59,5900,9926868,2026-09-15,1580.0,13,Tidak,Ya,9298695,-628173,-6.33,3.75,-6.33,1.97,1.38,3.75,-0.1,-5.44,-1.59,-1.88,-2.47,-3.07,-0.7,-2.47,-5.14,-5.44,-6.33,,,,,,,,,0.7,3.54,-9.87
2026-08-26,ADRO,Alamtri Resources Indonesia ,BUY,72,2026-08-27,2590.0,38,3800,9856763,2026-09-15,2590.0,13,Tidak,Ya,9817395,-39368,-0.4,9.21,-0.4,3.83,2.68,9.21,6.91,1.91,5.37,4.6,3.83,3.45,3.45,2.68,1.52,0.75,-0.4,,,,,,,,,0.7,3.54,-3.94
2026-08-26,AYAM,Janu Putra Sejahtera Tbk.,BUY,30,2026-08-27,462.0,216,21600,9994169,2026-09-15,500.0,13,Tidak,Tidak,10773000,778831,7.79,7.79,2.19,2.19,2.62,2.62,3.91,4.77,6.93,5.21,6.07,6.5,5.64,3.05,3.05,3.91,7.79,,,,,,,,,0.7,3.54,4.25
2026-08-26,BYAN,Bayan Resources Tbk,BUY,60,2026-08-27,15500.0,6,600,9313950,2026-09-15,10200.0,13,Tidak,Tidak,6104700,-3209250,-34.46,-3.61,-34.46,-3.61,-6.34,-9.56,-9.72,-11.97,-11.16,-11.32,-11.32,-11.48,-11.48,-15.82,-20.64,-28.67,-34.46,,,,,,,,,0.7,3.54,-38.0
2026-08-26,ELSA,Elnusa Tbk,BOW,84,2026-08-27,665.0,150,15000,9989962,2026-09-15,720.0,13,Tidak,Ya,10773000,783038,7.84,12.33,3.34,4.09,3.34,7.84,9.34,7.09,11.58,9.34,8.59,10.08,12.33,9.34,8.59,8.59,7.84,,,,,,,,,0.7,3.54,4.3
2026-08-26,HRTA,Hartadinata Abadi Tbk.,BUY,76,2026-08-27,2320.0,43,4300,9990964,2026-09-15,2150.0,13,Tidak,Tidak,9221888,-769076,-7.7,1.32,-8.99,1.32,0.03,-5.12,-3.83,-4.26,-0.83,-2.12,-3.83,-2.55,-2.98,-4.69,-6.84,-8.99,-7.7,,,,,,,,,0.7,3.54,-11.24
2026-08-26,ISAT,Indosat Tbk,BUY,73,2026-08-27,2480.0,40,4000,9934880,2026-09-15,2390.0,13,Tidak,Ya,9536100,-398780,-4.01,4.82,-5.62,4.82,1.61,0.4,-4.01,-5.22,-2.81,-4.01,-5.62,-5.22,-3.61,-3.61,-2.41,-4.42,-4.01,,,,,,,,,0.7,3.54,-7.55
2026-08-26,ITMG,Indo Tambangraya Megah Tbk,BUY,73,2026-08-27,25100.0,3,300,7541295,2026-09-15,26175.0,13,Tidak,Ya,7832869,291574,3.87,6.15,1.39,1.39,1.78,3.37,3.17,3.57,3.77,3.57,5.26,6.15,5.35,3.57,3.57,3.77,3.87,,,,,,,,,0.7,3.54,0.33
2026-08-26,KIJA,Kawasan Industri Jababeka Tb,BUY,49,2026-08-27,182.0,549,54900,10006788,2026-09-15,185.0,13,Tidak,Tidak,10131109,124321,1.24,19.3,1.24,19.3,14.92,18.21,13.83,13.83,9.45,7.26,11.64,11.64,8.9,3.98,7.81,5.07,1.24,,,,,,,,,0.7,3.54,-2.3
2026-08-26,LSIP,PP London Sumatra Indonesia ,BUY,89,2026-08-27,1420.0,70,7000,9954910,2026-09-15,1685.0,13,Tidak,Ya,11765512,1810602,18.19,20.64,2.41,2.41,2.76,4.16,5.91,12.93,16.08,18.19,15.38,19.94,20.64,18.19,19.24,19.59,18.19,,,,,,,,,0.7,3.54,14.65
2026-08-26,MAPA,Map Aktif Adiperkasa Tbk.,BUY,78,2026-08-27,675.0,148,14800,10004985,2026-09-15,645.0,13,Tidak,Ya,9522135,-482850,-4.83,6.98,-4.83,4.03,6.98,6.24,4.77,2.55,3.29,3.29,1.81,3.29,3.29,2.55,-2.61,-4.09,-4.83,,,,,,,,,0.7,3.54,-8.37
2026-08-26,MDKA,Merdeka Copper Gold Tbk.,BUY,31,2026-08-27,3020.0,33,3300,9980949,2026-09-15,2810.0,13,Tidak,Ya,9249818,-731132,-7.33,2.9,-7.33,-0.07,0.26,-3.04,-4.03,-5.02,-3.7,-4.36,-5.02,2.9,2.57,0.92,0.59,-5.02,-7.33,,,,,,,,,0.7,3.54,-10.87
2026-08-26,SMIL,Sarana Mitra Luas Tbk.,BUY,52,2026-08-27,406.0,246,24600,10002581,2026-09-15,430.0,13,Tidak,Ya,10551555,548974,5.49,12.85,-0.4,-0.4,1.07,1.07,1.07,2.05,2.05,5.0,5.49,10.89,12.85,8.43,6.47,4.02,5.49,,,,,,,,,0.7,3.54,1.95
2026-08-26,SSIA,Surya Semesta Internusa Tbk,BUY,51,2026-08-27,1795.0,55,5500,9887309,2026-09-15,1720.0,13,Tidak,Ya,9436350,-450959,-4.56,7.65,-5.95,2.93,3.48,7.65,5.98,4.32,4.59,0.43,-0.4,-0.12,-2.06,-2.9,-5.95,-5.95,-4.56,,,,,,,,,0.7,3.54,-8.1
2026-09-01,ADMR,Alamtri Minerals Indonesia T,BUY,60,2026-09-02,1670.0,59,5900,9867780,2026-09-15,1580.0,9,Tidak,Ya,9298695,-569084,-5.77,-0.1,-5.77,-4.87,-1.0,-1.29,-1.89,-2.49,-0.1,-1.89,-4.57,-4.87,-5.77,,,,,,,,,,,,,-2.87,-2.78,-2.99
2026-09-01,AKRA,AKR Corporindo Tbk,BUY,77,2026-09-02,1410.0,70,7000,9884805,2026-09-15,1490.0,9,Tidak,Tidak,10403925,519120,5.25,9.49,-2.17,-1.46,-1.11,-2.17,2.43,7.72,9.49,7.37,7.37,6.66,5.25,,,,,,,,,,,,,-2.87,-2.78,8.03
2026-09-01,BBRI,Bank Rakyat Indonesia (Perse,BUY,65,2026-09-02,3390.0,29,2900,9845746,2026-09-15,3320.0,9,Tidak,Tidak,9603930,-241816,-2.46,0.48,-3.93,-0.4,0.19,-0.4,-0.99,0.19,0.48,-2.46,-3.93,-0.11,-2.46,,,,,,,,,,,,,-2.87,-2.78,0.32
2026-09-01,BDMN,Bank Danamon Indonesia Tbk.,BUY,67,2026-09-02,4370.0,22,2200,9628421,2026-09-15,4430.0,9,Tidak,Ya,9721635,93214,0.97,3.48,-1.31,-1.31,1.88,1.65,0.28,0.51,3.48,0.97,1.65,1.88,0.97,,,,,,,,,,,,,-2.87,-2.78,3.75
2026-09-01,ESSA,ESSA Industries Indonesia Tb,BUY,76,2026-09-02,700.0,142,14200,9954910,2026-09-15,620.0,9,Tidak,Ya,8781990,-1172920,-11.78,2.45,-11.78,1.73,2.45,0.31,-2.53,-1.82,-1.11,-3.25,-6.8,-7.51,-11.78,,,,,,,,,,,,,-2.87,-2.78,-9.0
2026-09-01,FORE,Fore Kopi Indonesia Tbk.,BUY,63,2026-09-02,825.0,121,12100,9997474,2026-09-15,800.0,9,Tidak,Tidak,9655800,-341674,-3.42,-0.4,-6.44,-1.61,-0.4,-1.0,-2.81,-4.62,-4.02,-4.02,-6.44,-4.62,-3.42,,,,,,,,,,,,,-2.87,-2.78,-0.64
2026-09-01,GGRM,Gudang Garam Tbk,BUY,72,2026-09-02,20425.0,4,400,8182255,2026-09-15,17875.0,9,Tidak,Ya,7132125,-1050130,-12.83,-1.01,-12.83,-1.98,-1.01,-2.11,-1.98,-1.74,-3.69,-4.91,-5.52,-7.35,-12.83,,,,,,,,,,,,,-2.87,-2.78,-10.05
2026-09-01,IATA,Karya Pacific Energy Tbk.,BUY,31,2026-09-02,124.0,806,80600,10009392,2026-09-15,122.0,9,Tidak,Tidak,9808617,-200775,-2.01,14.86,-2.01,-1.2,10.85,5.22,8.44,14.86,11.65,2.81,1.21,-1.2,-2.01,,,,,,,,,,,,,-2.87,-2.78,0.77
2026-09-01,ICBP,Indofood CBP Sukses Makmur T,BUY,71,2026-09-02,7400.0,13,1300,9634430,2026-09-15,6900.0,9,Tidak,Tidak,8947575,-686855,-7.13,-0.74,-7.13,-0.74,-0.74,-2.08,-2.42,-3.09,-3.09,-3.43,-4.1,-4.1,-7.13,,,,,,,,,,,,,-2.87,-2.78,-4.35
2026-09-01,INDF,Indofood Sukses Makmur Tbk,BUY,75,2026-09-02,7175.0,13,1300,9341491,2026-09-15,7275.0,9,Tidak,Tidak,9433856,92365,0.99,4.11,-0.4,-0.4,0.64,0.29,2.03,4.11,4.11,1.68,1.34,0.64,0.99,,,,,,,,,,,,,-2.87,-2.78,3.77
2026-09-01,JGLE,Graha Andrasentra Propertind,BUY,29,2026-09-02,89.0,1123,112300,10009692,2026-09-15,76.0,9,Tidak,Tidak,8513463,-1496229,-14.95,-1.52,-17.19,-1.52,-1.52,-5.99,-5.99,-7.11,-8.23,-12.71,-13.83,-17.19,-14.95,,,,,,,,,,,,,-2.87,-2.78,-12.17
2026-09-01,LSIP,PP London Sumatra Indonesia ,BUY,88,2026-09-02,1525.0,65,6500,9927369,2026-09-15,1685.0,9,Tidak,Ya,10925119,997750,10.05,12.34,5.15,5.15,8.09,10.05,7.44,11.68,12.34,10.05,11.03,11.36,10.05,,,,,,,,,,,,,-2.87,-2.78,12.83
2026-09-01,MAPI,Mitra Adiperkasa Tbk,BOW,74,2026-09-02,1475.0,67,6700,9897324,2026-09-15,1385.0,9,Tidak,Tidak,9256301,-641022,-6.48,-3.44,-10.53,-3.44,-4.11,-3.78,-6.14,-5.8,-8.16,-7.49,-9.52,-10.53,-6.48,,,,,,,,,,,,,-2.87,-2.78,-3.7
2026-09-01,MDKA,Merdeka Copper Gold Tbk.,BUY,31,2026-09-02,2900.0,34,3400,9874790,2026-09-15,2810.0,9,Tidak,Ya,9530115,-344675,-3.49,7.16,-3.49,-1.09,0.29,-0.4,-1.09,7.16,6.81,5.1,4.75,-1.09,-3.49,,,,,,,,,,,,,-2.87,-2.78,-0.71
2026-09-01,MEDC,Medco Energi Internasional T,BUY,60,2026-09-02,1490.0,67,6700,9997974,2026-09-15,1565.0,9,Tidak,Ya,10459286,461312,4.61,5.28,-3.41,-3.41,-0.73,-0.07,-0.73,2.61,5.28,4.95,3.95,5.28,4.61,,,,,,,,,,,,,-2.87,-2.78,7.39
2026-09-01,MMIX,Multi Medika Internasional T,BUY,53,2026-09-02,780.0,128,12800,9998976,2026-09-15,860.0,9,Tidak,Ya,10980480,981504,9.82,9.82,0.24,0.24,0.88,2.15,2.79,3.43,6.62,6.62,8.54,9.18,9.82,,,,,,,,,,,,,-2.87,-2.78,12.6
2026-09-01,OASA,Maharaksa Biru Energi Tbk.,BUY,31,2026-09-02,340.0,294,29400,10010994,2026-09-15,282.0,9,Tidak,Ya,8270073,-1740921,-17.39,-3.33,-17.39,-4.5,-3.33,-6.26,-6.26,-6.26,-5.09,-8.6,-10.36,-13.29,-17.39,,,,,,,,,,,,,-2.87,-2.78,-14.61
2026-09-01,SMIL,Sarana Mitra Luas Tbk.,BUY,52,2026-09-02,416.0,240,24000,9998976,2026-09-15,430.0,9,Tidak,Ya,10294200,295224,2.95,10.14,-0.4,-0.4,-0.4,2.47,2.95,8.22,10.14,5.83,3.91,1.52,2.95,,,,,,,,,,,,,-2.87,-2.78,5.73
2026-09-01,SMSM,Selamat Sempurna Tbk,BUY,84,2026-09-02,1715.0,58,5800,9961920,2026-09-15,1730.0,9,Tidak,Tidak,10008915,46994,0.47,2.5,-0.11,-0.11,1.05,-0.11,1.05,2.5,2.5,2.21,0.76,0.47,0.47,,,,,,,,,,,,,-2.87,-2.78,3.25
2026-09-01,SRTG,Saratoga Investama Sedaya Tb,BUY,89,2026-09-02,1840.0,54,5400,9950904,2026-09-15,1785.0,9,Tidak,Tidak,9614902,-336002,-3.38,-0.13,-3.38,-2.29,-2.29,-2.84,-2.29,-0.94,-0.13,-1.48,-2.29,-2.56,-3.38,,,,,,,,,,,,,-2.87,-2.78,-0.6
2026-09-01,VKTR,VKTR Teknologi Mobilitas Tbk,BUY,30,2026-09-02,975.0,102,10200,9959918,2026-09-15,755.0,9,Tidak,Ya,7681748,-2278170,-22.87,-4.49,-22.87,-4.49,-6.53,-11.64,-10.1,-10.61,-12.66,-17.77,-18.79,-21.85,-22.87,,,,,,,,,,,,,-2.87,-2.78,-20.09
2026-09-02,ADRO,Alamtri Resources Indonesia ,BUY,73,2026-09-03,2660.0,37,3700,9856763,2026-09-15,2590.0,8,Tidak,Ya,9559042,-297720,-3.02,2.6,-3.02,2.6,1.85,1.1,0.72,0.72,-0.02,-1.15,-1.9,-3.02,,,,,,,,,,,,,,-2.98,-2.9,-0.12
2026-09-02,BYAN,Bayan Resources Tbk,BUY,61,2026-09-03,14000.0,7,700,9814700,2026-09-15,10200.0,8,Tidak,Ya,7122150,-2692550,-27.43,-1.64,-27.43,-1.64,-1.82,-1.82,-2.0,-2.0,-6.8,-12.14,-21.03,-27.43,,,,,,,,,,,,,,-2.98,-2.9,-24.53
2026-09-02,ELSA,Elnusa Tbk,BUY,84,2026-09-03,720.0,138,13800,9950904,2026-09-15,720.0,8,Tidak,Ya,9911160,-39744,-0.4,3.75,-0.4,3.06,0.98,0.29,1.68,3.75,0.98,0.29,0.29,-0.4,,,,,,,,,,,,,,-2.98,-2.9,2.5
2026-09-02,GJTL,Gajah Tunggal Tbk,BUY,75,2026-09-03,1380.0,72,7200,9950904,2026-09-15,1340.0,8,Tidak,Tidak,9623880,-327024,-3.29,1.4,-3.29,1.4,0.32,-0.76,-0.4,-0.76,-3.29,-2.56,-1.48,-3.29,,,,,,,,,,,,,,-2.98,-2.9,-0.39
2026-09-02,HATM,Habco Trans Maritima Tbk.,BUY,46,2026-09-03,605.0,165,16500,9997474,2026-09-15,560.0,8,Tidak,Tidak,9216900,-780574,-7.81,1.25,-7.81,0.42,1.25,-4.52,-2.87,-0.4,-1.22,-2.05,-3.69,-7.81,,,,,,,,,,,,,,-2.98,-2.9,-4.91
2026-09-02,ICBP,Indofood CBP Sukses Makmur T,BOW,71,2026-09-03,7325.0,13,1300,9536784,2026-09-15,6900.0,8,Tidak,Ya,8947575,-589209,-6.18,0.28,-6.18,0.28,-1.08,-1.42,-2.1,-2.1,-2.44,-3.12,-3.12,-6.18,,,,,,,,,,,,,,-2.98,-2.9,-3.28
2026-09-02,INDF,Indofood Sukses Makmur Tbk,BOW,75,2026-09-03,7175.0,13,1300,9341491,2026-09-15,7275.0,8,Tidak,Ya,9433856,92365,0.99,4.11,0.29,0.64,0.29,2.03,4.11,4.11,1.68,1.34,0.64,0.99,,,,,,,,,,,,,,-2.98,-2.9,3.89
2026-09-02,MEDC,Medco Energi Internasional T,BUY,60,2026-09-03,1455.0,68,6800,9908841,2026-09-15,1565.0,8,Tidak,Ya,10615395,706554,7.13,7.82,1.65,1.65,2.34,1.65,5.08,7.82,7.47,6.45,7.82,7.13,,,,,,,,,,,,,,-2.98,-2.9,10.03
2026-09-02,NSSS,Nusantara Sawit Sejahtera Tb,BUY,65,2026-09-03,900.0,111,11100,10004985,2026-09-15,765.0,8,Tidak,Tidak,8470271,-1534714,-15.34,-1.51,-15.34,-1.51,-3.17,-5.38,-6.49,-7.59,-8.7,-11.47,-13.13,-15.34,,,,,,,,,,,,,,-2.98,-2.9,-12.44
2026-09-02,OASA,Maharaksa Biru Energi Tbk.,BUY,26,2026-09-03,330.0,303,30300,10013998,2026-09-15,282.0,8,Tidak,Ya,8523238,-1490760,-14.89,-0.4,-14.89,-0.4,-3.42,-3.42,-3.42,-2.21,-5.83,-7.64,-10.66,-14.89,,,,,,,,,,,,,,-2.98,-2.9,-11.99
2026-09-02,SMSM,Selamat Sempurna Tbk,BUY,82,2026-09-03,1725.0,57,5700,9847249,2026-09-15,1730.0,8,Tidak,Ya,9836348,-10901,-0.11,1.91,-0.69,0.47,-0.69,0.47,1.91,1.91,1.62,0.18,-0.11,-0.11,,,,,,,,,,,,,,-2.98,-2.9,2.79
2026-09-02,VKTR,VKTR Teknologi Mobilitas Tbk,BUY,30,2026-09-03,945.0,105,10500,9937384,2026-09-15,755.0,8,Tidak,Ya,7907681,-2029702,-20.42,-3.56,-20.42,-3.56,-8.83,-7.25,-7.78,-9.89,-15.16,-16.21,-19.37,-20.42,,,,,,,,,,,,,,-2.98,-2.9,-17.52
2026-09-03,ADMR,Alamtri Minerals Indonesia T,BUY,60,2026-09-04,1665.0,60,6000,10004985,2026-09-15,1580.0,7,Tidak,Ya,9456300,-548685,-5.48,0.2,-5.48,-1.0,-1.6,-2.19,0.2,-1.6,-4.29,-4.59,-5.48,,,,,,,,,,,,,,,-3.89,-4.17,-1.31
2026-09-03,ADRO,Alamtri Resources Indonesia ,BUY,73,2026-09-03,2660.0,37,3700,9856763,2026-09-15,2590.0,8,Tidak,Ya,9559042,-297720,-3.02,2.6,-3.02,2.6,1.85,1.1,0.72,0.72,-0.02,-1.15,-1.9,-3.02,,,,,,,,,,,,,,-2.98,-2.9,-0.12
2026-09-03,AKRA,AKR Corporindo Tbk,BUY,77,2026-09-04,1400.0,71,7100,9954910,2026-09-15,1490.0,7,Tidak,Ya,10552552,597642,6.0,10.27,-1.47,-1.47,3.16,8.49,10.27,8.14,8.14,7.43,6.0,,,,,,,,,,,,,,,-3.89,-4.17,10.17
2026-09-03,BBTN,Bank Tabungan Negara (Perser,BUY,70,2026-09-04,1255.0,79,7900,9929372,2026-09-15,1185.0,7,Tidak,Tidak,9338096,-591276,-5.95,-0.8,-6.75,-1.59,-1.99,-0.8,-3.18,-3.97,-6.75,-3.57,-5.95,,,,,,,,,,,,,,,-3.89,-4.17,-1.78
2026-09-03,BDMN,Bank Danamon Indonesia Tbk.,BUY,67,2026-09-04,4470.0,22,2200,9848751,2026-09-15,4430.0,7,Tidak,Ya,9721635,-127116,-1.29,1.16,-1.96,-0.62,-1.96,-1.74,1.16,-1.29,-0.62,-0.4,-1.29,,,,,,,,,,,,,,,-3.89,-4.17,2.88
2026-09-03,BULL,Buana Lintas Lautan Tbk.,BUY,67,2026-09-04,460.0,217,21700,9996973,2026-09-15,416.0,7,Tidak,Ya,9004632,-992341,-9.93,-5.16,-9.93,-5.6,-5.16,-7.33,-6.03,-8.63,-7.33,-8.19,-9.93,,,,,,,,,,,,,,,-3.89,-4.17,-5.76
2026-09-03,ELSA,Elnusa Tbk,BUY,84,2026-09-03,720.0,138,13800,9950904,2026-09-15,720.0,8,Tidak,Ya,9911160,-39744,-0.4,3.75,-0.4,3.06,0.98,0.29,1.68,3.75,0.98,0.29,0.29,-0.4,,,,,,,,,,,,,,-2.98,-2.9,2.5
2026-09-03,GJTL,Gajah Tunggal Tbk,BUY,75,2026-09-03,1380.0,72,7200,9950904,2026-09-15,1340.0,8,Tidak,Ya,9623880,-327024,-3.29,1.4,-3.29,1.4,0.32,-0.76,-0.4,-0.76,-3.29,-2.56,-1.48,-3.29,,,,,,,,,,,,,,-2.98,-2.9,-0.39
2026-09-03,HATM,Habco Trans Maritima Tbk.,BUY,46,2026-09-03,605.0,165,16500,9997474,2026-09-15,560.0,8,Tidak,Ya,9216900,-780574,-7.81,1.25,-7.81,0.42,1.25,-4.52,-2.87,-0.4,-1.22,-2.05,-3.69,-7.81,,,,,,,,,,,,,,-2.98,-2.9,-4.91
2026-09-03,ICBP,Indofood CBP Sukses Makmur T,BOW,71,2026-09-03,7325.0,13,1300,9536784,2026-09-15,6900.0,8,Tidak,Ya,8947575,-589209,-6.18,0.28,-6.18,0.28,-1.08,-1.42,-2.1,-2.1,-2.44,-3.12,-3.12,-6.18,,,,,,,,,,,,,,-2.98,-2.9,-3.28
2026-09-03,MARK,Mark Dynamics Indonesia Tbk.,BUY,80,2026-09-04,1085.0,92,9200,9996973,2026-09-15,1155.0,7,Tidak,Ya,10599435,602462,6.03,6.03,-2.24,-1.32,-2.24,-0.86,-1.32,1.44,1.44,1.9,6.03,,,,,,,,,,,,,,,-3.89,-4.17,10.2
2026-09-03,MDIA,Intermedia Capital Tbk.,BUY,35,2026-09-04,244.0,409,40900,9994569,2026-09-15,214.0,7,Tidak,Tidak,8730718,-1263851,-12.65,2.05,-18.36,-11.83,2.05,-3.66,-10.2,-15.91,-11.83,-18.36,-12.65,,,,,,,,,,,,,,,-3.89,-4.17,-8.48
2026-09-03,MEDC,Medco Energi Internasional T,BUY,60,2026-09-03,1455.0,68,6800,9908841,2026-09-15,1565.0,8,Tidak,Ya,10615395,706554,7.13,7.82,1.65,1.65,2.34,1.65,5.08,7.82,7.47,6.45,7.82,7.13,,,,,,,,,,,,,,-2.98,-2.9,10.03
2026-09-03,NSSS,Nusantara Sawit Sejahtera Tb,BUY,65,2026-09-03,900.0,111,11100,10004985,2026-09-15,765.0,8,Tidak,Ya,8470271,-1534714,-15.34,-1.51,-15.34,-1.51,-3.17,-5.38,-6.49,-7.59,-8.7,-11.47,-13.13,-15.34,,,,,,,,,,,,,,-2.98,-2.9,-12.44
2026-09-03,OASA,Maharaksa Biru Energi Tbk.,BUY,26,2026-09-03,330.0,303,30300,10013998,2026-09-15,282.0,8,Tidak,Ya,8523238,-1490760,-14.89,-0.4,-14.89,-0.4,-3.42,-3.42,-3.42,-2.21,-5.83,-7.64,-10.66,-14.89,,,,,,,,,,,,,,-2.98,-2.9,-11.99
2026-09-03,PSKT,Red Planet Indonesia Tbk.,BUY,30,2026-09-04,250.0,400,40000,10015000,2026-09-15,238.0,7,Tidak,Tidak,9496200,-518800,-5.18,1.19,-6.77,-3.59,-5.18,1.19,1.19,-5.98,-3.59,-6.77,-5.18,,,,,,,,,,,,,,,-3.89,-4.17,-1.01
2026-09-03,SMSM,Selamat Sempurna Tbk,BUY,82,2026-09-03,1725.0,57,5700,9847249,2026-09-15,1730.0,8,Tidak,Ya,9836348,-10901,-0.11,1.91,-0.69,0.47,-0.69,0.47,1.91,1.91,1.62,0.18,-0.11,-0.11,,,,,,,,,,,,,,-2.98,-2.9,2.79
2026-09-03,VKTR,VKTR Teknologi Mobilitas Tbk,BUY,30,2026-09-03,945.0,105,10500,9937384,2026-09-15,755.0,8,Tidak,Ya,7907681,-2029702,-20.42,-3.56,-20.42,-3.56,-8.83,-7.25,-7.78,-9.89,-15.16,-16.21,-19.37,-20.42,,,,,,,,,,,,,,-2.98,-2.9,-17.52
2026-09-04,AKRA,AKR Corporindo Tbk,BOW,78,2026-09-07,1405.0,71,7100,9990463,2026-09-15,1490.0,6,Tidak,Ya,10552552,562089,5.63,9.88,2.79,2.79,8.11,9.88,7.75,7.75,7.04,5.63,,,,,,,,,,,,,,,,-3.26,-3.43,9.06
2026-09-04,BULL,Buana Lintas Lautan Tbk.,BUY,67,2026-09-07,440.0,227,22700,10002982,2026-09-15,416.0,6,Tidak,Ya,9419592,-583390,-5.83,-0.85,-5.83,-0.85,-3.12,-1.76,-4.47,-3.12,-4.02,-5.83,,,,,,,,,,,,,,,,-3.26,-3.43,-2.4
2026-09-04,HATM,Habco Trans Maritima Tbk.,BUY,46,2026-09-07,615.0,162,16200,9977944,2026-09-15,560.0,6,Tidak,Ya,9049320,-928624,-9.31,-2.02,-9.31,-6.07,-4.45,-2.02,-2.83,-3.64,-5.26,-9.31,,,,,,,,,,,,,,,,-3.26,-3.43,-5.88
2026-09-04,INKP,Indah Kiat Pulp & Paper Tbk.,BUY,66,2026-09-07,8900.0,11,1100,9804685,2026-09-15,8675.0,6,Tidak,Tidak,9518644,-286041,-2.92,5.76,-2.92,1.56,5.76,4.08,1.84,-0.96,-1.24,-2.92,,,,,,,,,,,,,,,,-3.26,-3.43,0.51
2026-09-04,MDIA,Intermedia Capital Tbk.,BOW,35,2026-09-07,206.0,485,48500,10005986,2026-09-15,214.0,6,Tidak,Ya,10353052,347066,3.47,20.87,-3.3,20.87,14.11,6.37,-0.4,4.44,-3.3,3.47,,,,,,,,,,,,,,,,-3.26,-3.43,6.9
2026-09-04,MMIX,Multi Medika Internasional T,BUY,53,2026-09-07,800.0,125,12500,10015000,2026-09-15,860.0,6,Tidak,Ya,10723125,708125,7.07,7.07,0.22,0.22,0.85,3.96,3.96,5.83,6.45,7.07,,,,,,,,,,,,,,,,-3.26,-3.43,10.5
2026-09-04,SMSM,Selamat Sempurna Tbk,BUY,82,2026-09-07,1730.0,57,5700,9875792,2026-09-15,1730.0,6,Tidak,Ya,9836348,-39444,-0.4,1.62,-0.4,0.18,1.62,1.62,1.33,-0.11,-0.4,-0.4,,,,,,,,,,,,,,,,-3.26,-3.43,3.03
2026-09-04,SSIA,Surya Semesta Internusa Tbk,BUY,51,2026-09-07,1810.0,55,5500,9969932,2026-09-15,1720.0,6,Tidak,Ya,9436350,-533582,-5.35,-0.95,-6.73,-1.22,-0.95,-2.88,-3.7,-6.73,-6.73,-5.35,,,,,,,,,,,,,,,,-3.26,-3.43,-1.92
2026-09-04,TKIM,Pabrik Kertas Tjiwi Kimia Tb,BUY,63,2026-09-07,8175.0,12,1200,9824715,2026-09-15,7800.0,6,Tidak,Tidak,9336600,-488115,-4.97,1.43,-4.97,-0.7,1.43,0.21,-2.84,-4.36,-3.75,-4.97,,,,,,,,,,,,,,,,-3.26,-3.43,-1.54
2026-09-04,VKTR,VKTR Teknologi Mobilitas Tbk,BUY,30,2026-09-07,870.0,114,11400,9932877,2026-09-15,755.0,6,Tidak,Ya,8585482,-1347394,-13.56,0.75,-13.56,0.75,0.17,-2.12,-7.84,-8.99,-12.42,-13.56,,,,,,,,,,,,,,,,-3.26,-3.43,-10.13
2026-09-07,AKRA,AKR Corporindo Tbk,BUY,77,2026-09-08,1455.0,68,6800,9908841,2026-09-15,1490.0,5,Tidak,Ya,10106670,197829,2.0,6.1,2.0,4.39,6.1,4.05,4.05,3.37,2.0,,,,,,,,,,,,,,,,,-3.07,-3.68,5.68
2026-09-07,INDF,Indofood Sukses Makmur Tbk,BUY,74,2026-09-08,7350.0,13,1300,9569332,2026-09-15,7275.0,5,Tidak,Ya,9433856,-135476,-1.42,1.63,-1.75,1.63,1.63,-0.74,-1.08,-1.75,-1.42,,,,,,,,,,,,,,,,,-3.07,-3.68,2.26
2026-09-07,MDIA,Intermedia Capital Tbk.,BUY,35,2026-09-08,246.0,406,40600,10002581,2026-09-15,214.0,5,Tidak,Ya,8666679,-1335902,-13.36,-4.45,-19.02,-4.45,-10.93,-16.59,-12.55,-19.02,-13.36,,,,,,,,,,,,,,,,,-3.07,-3.68,-9.68
2026-09-07,MEDC,Medco Energi Internasional T,BUY,60,2026-09-08,1500.0,66,6600,9914850,2026-09-15,1565.0,5,Tidak,Ya,10303178,388328,3.92,4.58,1.92,1.92,4.58,4.25,3.25,4.58,3.92,,,,,,,,,,,,,,,,,-3.07,-3.68,7.6
2026-09-07,MMIX,Multi Medika Internasional T,BUY,53,2026-09-08,805.0,124,12400,9996973,2026-09-15,860.0,5,Tidak,Ya,10637340,640367,6.41,6.41,0.22,0.22,3.31,3.31,5.17,5.79,6.41,,,,,,,,,,,,,,,,,-3.07,-3.68,10.09
2026-09-07,SMSM,Selamat Sempurna Tbk,BUY,82,2026-09-08,1755.0,56,5600,9842742,2026-09-15,1730.0,5,Tidak,Ya,9663780,-178962,-1.82,0.17,-1.82,0.17,0.17,-0.12,-1.53,-1.82,-1.82,,,,,,,,,,,,,,,,,-3.07,-3.68,1.86
2026-09-08,BBNI,Bank Negara Indonesia  (Pers,BUY,67,2026-09-09,3880.0,25,2500,9714550,2026-09-15,3750.0,4,Tidak,Tidak,9351562,-362988,-3.74,-0.66,-3.74,-1.94,-2.45,-3.74,-0.66,-3.74,,,,,,,,,,,,,,,,,,-3.96,-4.49,0.75
2026-09-08,ENRG,Energi Mega Persada Tbk,BUY,58,2026-09-09,1485.0,67,6700,9964424,2026-09-15,1430.0,4,Tidak,Tidak,9557048,-407377,-4.09,-1.74,-4.09,-1.74,-2.08,-2.08,-2.41,-4.09,,,,,,,,,,,,,,,,,,-3.96,-4.49,0.4
2026-09-08,FPNI,Lotte Chemical Titan Tbk.,BUY,72,2026-09-09,565.0,176,17600,9958916,2026-09-15,520.0,4,Tidak,Tidak,9129120,-829796,-8.33,-0.4,-8.33,-2.16,-0.4,-3.93,-8.33,-8.33,,,,,,,,,,,,,,,,,,-3.96,-4.49,-3.84
2026-09-08,INDF,Indofood Sukses Makmur Tbk,BUY,74,2026-09-09,7500.0,13,1300,9764625,2026-09-15,7275.0,4,Tidak,Ya,9433856,-330769,-3.39,-0.4,-3.72,-0.4,-2.72,-3.06,-3.72,-3.39,,,,,,,,,,,,,,,,,,-3.96,-4.49,1.1
2026-09-08,INTP,Indocement Tunggal Prakarsa ,BUY,83,2026-09-09,5500.0,18,1800,9914850,2026-09-15,5225.0,4,Tidak,Tidak,9381488,-533362,-5.38,-1.76,-7.64,-1.76,-5.38,-5.83,-7.64,-5.38,,,,,,,,,,,,,,,,,,-3.96,-4.49,-0.89
2026-09-08,MARK,Mark Dynamics Indonesia Tbk.,BUY,80,2026-09-09,1080.0,92,9200,9950904,2026-09-15,1155.0,4,Tidak,Ya,10599435,648531,6.52,6.52,-0.86,-0.86,1.91,1.91,2.37,6.52,,,,,,,,,,,,,,,,,,-3.96,-4.49,11.01
2026-09-08,MDIA,Intermedia Capital Tbk.,BUY,35,2026-09-09,234.0,427,42700,10006788,2026-09-15,214.0,4,Tidak,Ya,9114956,-891832,-8.91,-6.36,-14.87,-6.36,-12.32,-8.06,-14.87,-8.91,,,,,,,,,,,,,,,,,,-3.96,-4.49,-4.42
2026-09-08,MDKA,Merdeka Copper Gold Tbk.,BUY,31,2026-09-09,3120.0,32,3200,9998976,2026-09-15,2810.0,4,Tidak,Ya,8969520,-1029456,-10.3,-0.72,-10.3,-0.72,-2.31,-2.63,-8.06,-10.3,,,,,,,,,,,,,,,,,,-3.96,-4.49,-5.81
2026-09-08,PSKT,Red Planet Indonesia Tbk.,BUY,30,2026-09-09,256.0,390,39000,9998976,2026-09-15,238.0,4,Tidak,Ya,9258795,-740181,-7.4,-1.18,-8.96,-1.18,-8.18,-5.85,-8.96,-7.4,,,,,,,,,,,,,,,,,,-3.96,-4.49,-2.91
2026-09-08,SIMP,Salim Ivomas Pratama Tbk.,BUY,78,2026-09-09,645.0,155,15500,10012496,2026-09-15,610.0,4,Tidak,Ya,9431362,-581134,-5.8,-1.94,-5.8,-1.94,-4.26,-5.03,-4.26,-5.8,,,,,,,,,,,,,,,,,,-3.96,-4.49,-1.31
2026-09-09,ADRO,Alamtri Resources Indonesia ,BUY,73,2026-09-10,2710.0,36,3600,9770634,2026-09-15,2590.0,3,Tidak,Ya,9300690,-469944,-4.81,-1.87,-4.81,-1.87,-2.97,-3.71,-4.81,,,,,,,,,,,,,,,,,,,-3.78,-4.55,-0.26
2026-09-09,BBNI,Bank Negara Indonesia  (Pers,BUY,67,2026-09-10,3830.0,26,2600,9972937,2026-09-15,3750.0,3,Tidak,Ya,9725625,-247312,-2.48,0.64,-2.48,-1.18,-2.48,0.64,-2.48,,,,,,,,,,,,,,,,,,,-3.78,-4.55,2.07
2026-09-09,BDMN,Bank Danamon Indonesia Tbk.,BUY,67,2026-09-10,4540.0,22,2200,10002982,2026-09-15,4430.0,3,Tidak,Ya,9721635,-281347,-2.81,-1.94,-2.81,-2.81,-2.15,-1.94,-2.81,,,,,,,,,,,,,,,,,,,-3.78,-4.55,1.74
2026-09-09,GGRM,Gudang Garam Tbk,BOW,73,2026-09-10,19800.0,5,500,9914850,2026-09-15,17875.0,3,Tidak,Ya,8915156,-999694,-10.08,-1.91,-10.08,-1.91,-2.54,-4.42,-10.08,,,,,,,,,,,,,,,,,,,-3.78,-4.55,-5.53
2026-09-09,INDF,Indofood Sukses Makmur Tbk,BUY,74,2026-09-10,7500.0,13,1300,9764625,2026-09-15,7275.0,3,Tidak,Ya,9433856,-330769,-3.39,-2.72,-3.72,-2.72,-3.06,-3.72,-3.39,,,,,,,,,,,,,,,,,,,-3.78,-4.55,1.16
2026-09-09,ISAT,Indosat Tbk,BUY,74,2026-09-10,2460.0,40,4000,9854760,2026-09-15,2390.0,3,Tidak,Ya,9536100,-318660,-3.23,-1.61,-3.64,-2.83,-1.61,-3.64,-3.23,,,,,,,,,,,,,,,,,,,-3.78,-4.55,1.32
2026-09-09,MAPI,Mitra Adiperkasa Tbk,BOW,72,2026-09-10,1380.0,72,7200,9950904,2026-09-15,1385.0,3,Tidak,Ya,9947070,-3834,-0.04,-0.04,-4.37,-1.12,-3.29,-4.37,-0.04,,,,,,,,,,,,,,,,,,,-3.78,-4.55,4.51
2026-09-09,MARK,Mark Dynamics Indonesia Tbk.,BUY,80,2026-09-10,1075.0,93,9300,10012496,2026-09-15,1155.0,3,Tidak,Ya,10714646,702150,7.01,7.01,2.38,2.38,2.38,2.84,7.01,,,,,,,,,,,,,,,,,,,-3.78,-4.55,11.56
2026-09-09,MBSS,Mitrabahtera Segara Sejati T,BUY,60,2026-09-10,2890.0,34,3400,9840739,2026-09-15,2890.0,3,Tidak,Tidak,9801435,-39304,-0.4,-0.4,-0.74,-0.74,-0.4,-0.4,-0.4,,,,,,,,,,,,,,,,,,,-3.78,-4.55,4.15
2026-09-09,MDIA,Intermedia Capital Tbk.,BOW,35,2026-09-10,216.0,462,46200,9994169,2026-09-15,214.0,3,Tidak,Ya,9862083,-132086,-1.32,-0.4,-7.78,-5.01,-0.4,-7.78,-1.32,,,,,,,,,,,,,,,,,,,-3.78,-4.55,3.23
2026-09-09,OASA,Maharaksa Biru Energi Tbk.,BUY,26,2026-09-10,326.0,306,30600,9990563,2026-09-15,282.0,3,Tidak,Ya,8607627,-1382936,-13.84,-4.68,-13.84,-4.68,-6.51,-9.57,-13.84,,,,,,,,,,,,,,,,,,,-3.78,-4.55,-9.29
2026-09-10,ADRO,Alamtri Resources Indonesia ,BUY,73,2026-09-11,2670.0,37,3700,9893818,2026-09-15,2590.0,2,Tidak,Ya,9559042,-334776,-3.38,-1.52,-3.38,-1.52,-2.26,-3.38,,,,,,,,,,,,,,,,,,,,-1.79,-2.29,-1.09
2026-09-10,AKRA,AKR Corporindo Tbk,BUY,77,2026-09-11,1520.0,65,6500,9894820,2026-09-15,1490.0,2,Tidak,Ya,9660788,-234032,-2.37,-0.4,-2.37,-0.4,-1.05,-2.37,,,,,,,,,,,,,,,,,,,,-1.79,-2.29,-0.08
2026-09-10,ANTM,ANTAM (Persero) Tbk.,BUY,74,2026-09-11,3230.0,30,3000,9704535,2026-09-15,3270.0,2,Tidak,Tidak,9785475,80940,0.83,0.83,-1.63,0.83,-1.63,0.83,,,,,,,,,,,,,,,,,,,,-1.79,-2.29,3.12
2026-09-10,BBNI,Bank Negara Indonesia  (Pers,BUY,67,2026-09-11,3800.0,26,2600,9894820,2026-09-15,3750.0,2,Tidak,Ya,9725625,-169195,-1.71,1.44,-1.71,-1.71,1.44,-1.71,,,,,,,,,,,,,,,,,,,,-1.79,-2.29,0.58
2026-09-10,BDMN,Bank Danamon Indonesia Tbk.,BUY,67,2026-09-11,4410.0,22,2200,9716553,2026-09-15,4430.0,2,Tidak,Ya,9721635,5082,0.05,0.96,0.05,0.73,0.96,0.05,,,,,,,,,,,,,,,,,,,,-1.79,-2.29,2.34
2026-09-10,ELSA,Elnusa Tbk,BUY,84,2026-09-11,740.0,135,13500,10004985,2026-09-15,720.0,2,Tidak,Ya,9695700,-309285,-3.09,-2.42,-3.09,-2.42,-2.42,-3.09,,,,,,,,,,,,,,,,,,,,-1.79,-2.29,-0.8
2026-09-10,ENRG,Energi Mega Persada Tbk,BUY,58,2026-09-11,1520.0,65,6500,9894820,2026-09-15,1430.0,2,Tidak,Ya,9271762,-623058,-6.3,-4.33,-6.3,-4.33,-4.66,-6.3,,,,,,,,,,,,,,,,,,,,-1.79,-2.29,-4.01
2026-09-10,FAST,Fast Food Indonesia Tbk,BUY,19,2026-09-11,450.0,222,22200,10004985,2026-09-15,432.0,2,Tidak,Ya,9566424,-438561,-4.38,-2.61,-4.38,-2.61,-3.94,-4.38,,,,,,,,,,,,,,,,,,,,-1.79,-2.29,-2.09
2026-09-10,GGRM,Gudang Garam Tbk,BOW,73,2026-09-11,19525.0,5,500,9777144,2026-09-15,17875.0,2,Tidak,Ya,8915156,-861988,-8.82,-1.16,-8.82,-1.16,-3.08,-8.82,,,,,,,,,,,,,,,,,,,,-1.79,-2.29,-6.53
2026-09-10,INDF,Indofood Sukses Makmur Tbk,BUY,74,2026-09-11,7325.0,13,1300,9536784,2026-09-15,7275.0,2,Tidak,Ya,9433856,-102928,-1.08,-0.74,-1.42,-0.74,-1.42,-1.08,,,,,,,,,,,,,,,,,,,,-1.79,-2.29,1.21
2026-09-10,INDY,Indika Energy Tbk,BUY,42,2026-09-11,2870.0,34,3400,9772637,2026-09-15,2740.0,2,Tidak,Tidak,9292710,-479927,-4.91,-1.79,-4.91,-1.79,-3.18,-4.91,,,,,,,,,,,,,,,,,,,,-1.79,-2.29,-2.62
2026-09-10,ISAT,Indosat Tbk,BUY,74,2026-09-11,2380.0,42,4200,10010994,2026-09-15,2390.0,2,Tidak,Ya,10012905,1911,0.02,1.69,-0.4,1.69,-0.4,0.02,,,,,,,,,,,,,,,,,,,,-1.79,-2.29,2.31
2026-09-10,JPFA,Japfa Comfeed Indonesia Tbk.,BUY,84,2026-09-11,2280.0,43,4300,9818706,2026-09-15,2270.0,2,Tidak,Tidak,9736598,-82108,-0.84,-0.84,-1.71,-1.71,-0.84,-0.84,,,,,,,,,,,,,,,,,,,,-1.79,-2.29,1.45
2026-09-10,MAPI,Mitra Adiperkasa Tbk,BOW,72,2026-09-11,1385.0,72,7200,9986958,2026-09-15,1385.0,2,Tidak,Ya,9947070,-39888,-0.4,-0.4,-4.71,-3.64,-4.71,-0.4,,,,,,,,,,,,,,,,,,,,-1.79,-2.29,1.89
2026-09-10,MARK,Mark Dynamics Indonesia Tbk.,BUY,80,2026-09-11,1110.0,90,9000,10004985,2026-09-15,1155.0,2,Tidak,Ya,10369012,364028,3.64,3.64,-0.85,-0.85,-0.4,3.64,,,,,,,,,,,,,,,,,,,,-1.79,-2.29,5.93
2026-09-10,MBSS,Mitrabahtera Segara Sejati T,BUY,60,2026-09-11,2890.0,34,3400,9840739,2026-09-15,2890.0,2,Tidak,Ya,9801435,-39304,-0.4,-0.4,-0.4,-0.4,-0.4,-0.4,,,,,,,,,,,,,,,,,,,,-1.79,-2.29,1.89
2026-09-10,MDIA,Intermedia Capital Tbk.,BOW,35,2026-09-11,199.0,502,50200,10004785,2026-09-15,214.0,2,Tidak,Ya,10715943,711158,7.11,8.11,0.1,8.11,0.1,7.11,,,,,,,,,,,,,,,,,,,,-1.79,-2.29,9.4
2026-09-10,OASA,Maharaksa Biru Energi Tbk.,BUY,26,2026-09-11,312.0,320,32000,9998976,2026-09-15,282.0,2,Tidak,Ya,9001440,-997536,-9.98,-2.31,-9.98,-2.31,-5.51,-9.98,,,,,,,,,,,,,,,,,,,,-1.79,-2.29,-7.69
2026-09-10,VKTR,VKTR Teknologi Mobilitas Tbk,BOW,30,2026-09-11,795.0,125,12500,9952406,2026-09-15,755.0,2,Tidak,Ya,9413906,-538500,-5.41,-0.4,-5.41,-0.4,-4.16,-5.41,,,,,,,,,,,,,,,,,,,,-1.79,-2.29,-3.12
2026-09-11,ANTM,ANTAM (Persero) Tbk.,BUY,74,2026-09-14,3240.0,30,3000,9734580,2026-09-15,3270.0,1,Tidak,Ya,9785475,50895,0.52,0.52,-1.94,-1.94,0.52,,,,,,,,,,,,,,,,,,,,,-1.51,-2.05,2.57
2026-09-11,ELSA,Elnusa Tbk,BUY,84,2026-09-14,730.0,136,13600,9942892,2026-09-15,720.0,1,Tidak,Ya,9767520,-175372,-1.76,-1.08,-1.76,-1.08,-1.76,,,,,,,,,,,,,,,,,,,,,-1.51,-2.05,0.29
2026-09-11,ENRG,Energi Mega Persada Tbk,BUY,58,2026-09-14,1525.0,65,6500,9927369,2026-09-15,1430.0,1,Tidak,Ya,9271762,-655606,-6.6,-4.97,-6.6,-4.97,-6.6,,,,,,,,,,,,,,,,,,,,,-1.51,-2.05,-4.55
2026-09-11,MBSS,Mitrabahtera Segara Sejati T,BUY,59,2026-09-14,2890.0,34,3400,9840739,2026-09-15,2890.0,1,Tidak,Ya,9801435,-39304,-0.4,-0.4,-0.4,-0.4,-0.4,,,,,,,,,,,,,,,,,,,,,-1.51,-2.05,1.65
2026-09-11,SIMP,Salim Ivomas Pratama Tbk.,BUY,78,2026-09-14,620.0,161,16100,9996973,2026-09-15,610.0,1,Tidak,Ya,9796448,-200526,-2.01,-0.4,-2.01,-0.4,-2.01,,,,,,,,,,,,,,,,,,,,,-1.51,-2.05,0.04
2026-09-11,SMIL,Sarana Mitra Luas Tbk.,BUY,52,2026-09-14,444.0,225,22500,10004985,2026-09-15,430.0,1,Tidak,Ya,9650812,-354172,-3.54,-3.54,-4.89,-4.89,-3.54,,,,,,,,,,,,,,,,,,,,,-1.51,-2.05,-1.49
2026-09-11,TKIM,Pabrik Kertas Tjiwi Kimia Tb,BUY,63,2026-09-14,7600.0,13,1300,9894820,2026-09-15,7800.0,1,Tidak,Ya,10114650,219830,2.22,3.53,2.22,3.53,2.22,,,,,,,,,,,,,,,,,,,,,-1.51,-2.05,4.27
2026-09-11,ULTJ,Ultrajaya Milk Industry & Tr,BUY,84,2026-09-14,1515.0,66,6600,10013998,2026-09-15,1800.0,1,Tidak,Tidak,11850300,1836302,18.34,18.34,12.75,12.75,18.34,,,,,,,,,,,,,,,,,,,,,-1.51,-2.05,20.39
2026-09-14,ASLI,Asri Karya Lestari Tbk.,BUY,30,2026-09-15,368.0,271,27100,9987759,2026-09-15,362.0,0,Tidak,Tidak,9785674,-202085,-2.02,-2.02,-2.02,-2.02,,,,,,,,,,,,,,,,,,,,,,-1.67,-1.44,-0.58
2026-09-14,BBNI,Bank Negara Indonesia  (Pers,BUY,67,2026-09-15,3870.0,25,2500,9689512,2026-09-15,3750.0,0,Tidak,Ya,9351562,-337950,-3.49,-3.49,-3.49,-3.49,,,,,,,,,,,,,,,,,,,,,,-1.67,-1.44,-2.05
2026-09-14,BBRI,Bank Rakyat Indonesia (Perse,BUY,64,2026-09-15,3400.0,29,2900,9874790,2026-09-15,3320.0,0,Tidak,Ya,9603930,-270860,-2.74,-2.74,-2.74,-2.74,,,,,,,,,,,,,,,,,,,,,,-1.67,-1.44,-1.3
2026-09-14,BMRI,Bank Mandiri (Persero) Tbk,BUY,71,2026-09-15,4440.0,22,2200,9782652,2026-09-15,4340.0,0,Tidak,Tidak,9524130,-258522,-2.64,-2.64,-2.64,-2.64,,,,,,,,,,,,,,,,,,,,,,-1.67,-1.44,-1.2
2026-09-14,ELSA,Elnusa Tbk,BUY,84,2026-09-15,725.0,137,13700,9947399,2026-09-15,720.0,0,Tidak,Ya,9839340,-108059,-1.09,-1.09,-1.09,-1.09,,,,,,,,,,,,,,,,,,,,,,-1.67,-1.44,0.35
2026-09-14,EMAS,Merdeka Gold Resources Tbk.,BOW,26,2026-09-15,7775.0,12,1200,9343995,2026-09-15,7600.0,0,Tidak,Tidak,9097200,-246795,-2.64,-2.64,-2.64,-2.64,,,,,,,,,,,,,,,,,,,,,,-1.67,-1.44,-1.2
2026-09-14,FORE,Fore Kopi Indonesia Tbk.,BUY,63,2026-09-15,800.0,125,12500,10015000,2026-09-15,800.0,0,Tidak,Ya,9975000,-40000,-0.4,-0.4,-0.4,-0.4,,,,,,,,,,,,,,,,,,,,,,-1.67,-1.44,1.04
2026-09-14,GGRM,Gudang Garam Tbk,BOW,73,2026-09-15,18975.0,5,500,9501731,2026-09-15,17875.0,0,Tidak,Ya,8915156,-586575,-6.17,-6.17,-6.17,-6.17,,,,,,,,,,,,,,,,,,,,,,-1.67,-1.44,-4.73
2026-09-14,HMSP,H.M. Sampoerna Tbk.,BOW,71,2026-09-15,730.0,136,13600,9942892,2026-09-15,660.0,0,Tidak,Tidak,8953560,-989332,-9.95,-9.95,-9.95,-9.95,,,,,,,,,,,,,,,,,,,,,,-1.67,-1.44,-8.51
2026-09-14,INKP,Indah Kiat Pulp & Paper Tbk.,BUY,66,2026-09-15,8875.0,11,1100,9777144,2026-09-15,8675.0,0,Tidak,Ya,9518644,-258500,-2.64,-2.64,-2.64,-2.64,,,,,,,,,,,,,,,,,,,,,,-1.67,-1.44,-1.2
2026-09-14,MDIA,Intermedia Capital Tbk.,BOW,35,2026-09-15,200.0,500,50000,10015000,2026-09-15,214.0,0,Tidak,Ya,10673250,658250,6.57,6.57,6.57,6.57,,,,,,,,,,,,,,,,,,,,,,-1.67,-1.44,8.01
2026-09-14,MDKA,Merdeka Copper Gold Tbk.,BOW,31,2026-09-15,2880.0,34,3400,9806688,2026-09-15,2810.0,0,Tidak,Ya,9530115,-276573,-2.82,-2.82,-2.82,-2.82,,,,,,,,,,,,,,,,,,,,,,-1.67,-1.44,-1.38
2026-09-14,PKPK,Paragon Karya Perkasa Tbk.,BUY,67,2026-09-15,4250.0,23,2300,9789662,2026-09-15,4200.0,0,Tidak,Tidak,9635850,-153812,-1.57,-1.57,-1.57,-1.57,,,,,,,,,,,,,,,,,,,,,,-1.67,-1.44,-0.13
2026-09-14,SMIL,Sarana Mitra Luas Tbk.,BUY,52,2026-09-15,428.0,233,23300,9987359,2026-09-15,430.0,0,Tidak,Tidak,9993952,6594,0.07,0.07,0.07,0.07,,,,,,,,,,,,,,,,,,,,,,-1.67,-1.44,1.51
2026-09-14,TKIM,Pabrik Kertas Tjiwi Kimia Tb,BUY,63,2026-09-15,7875.0,12,1200,9464175,2026-09-15,7800.0,0,Tidak,Ya,9336600,-127575,-1.35,-1.35,-1.35,-1.35,,,,,,,,,,,,,,,,,,,,,,-1.67,-1.44,0.09
2026-09-14,TOTL,Total Bangun Persada Tbk,BUY,77,2026-09-15,1515.0,66,6600,10013998,2026-09-15,1555.0,0,Tidak,Tidak,10237342,223344,2.23,2.23,2.23,2.23,,,,,,,,,,,,,,,,,,,,,,-1.67,-1.44,3.67
