Hari,Posisi,Menang,Winrate%,RataLaba%,MedianLaba%,TotalLabaRp,Terbaik%,Terburuk%,RataIHSG%,RataAcak%,Selisih%,MenangVsAcak%
0,103,34,33.0,-0.57,-0.83,-5765555,19.3,-11.85,-0.43,-0.3,-0.26,40.8
1,100,37,37.0,-0.6,-0.86,-5889523,18.34,-25.05,-0.68,-0.64,0.04,47.0
2,97,37,38.1,-0.87,-0.4,-8335219,23.6,-36.26,-0.7,-0.67,-0.2,52.6
3,94,36,38.3,-1.04,-0.86,-9613581,24.91,-21.42,-0.8,-0.74,-0.31,47.9
4,93,39,41.9,-0.41,-0.82,-3701101,35.43,-19.59,-1.1,-0.91,0.49,51.6
5,88,42,47.7,0.47,-0.4,4229069,42.78,-15.93,-0.97,-0.59,1.06,50.0
6,80,36,45.0,1.1,-0.4,8860715,74.84,-18.67,-0.74,-0.17,1.27,45.0
7,77,41,53.2,1.51,0.44,11720068,48.61,-16.51,-0.94,-0.36,1.86,49.4
8,74,32,43.2,1.03,-1.08,7704142,35.43,-19.58,-0.94,-0.59,1.62,51.4
9,74,33,44.6,0.67,-0.8,5068121,38.27,-18.36,-1.06,-0.41,1.08,44.6
10,72,33,45.8,0.6,-0.4,4403355,44.13,-22.03,-1.02,-0.36,0.96,44.4
11,69,30,43.5,0.07,-1.01,568638,41.2,-25.71,-0.96,-0.05,0.12,42.0
12,63,27,42.9,-0.46,-0.86,-2747611,34.77,-28.67,-0.4,0.57,-1.03,38.1
13,62,24,38.7,-1.62,-2.03,-9899356,34.91,-34.46,-0.74,0.33,-1.96,33.9
14,59,24,40.7,-1.56,-2.15,-9149808,34.91,-28.57,-0.6,0.65,-2.22,32.2
15,58,24,41.4,-1.45,-1.1,-8392576,31.57,-32.65,-0.64,0.65,-2.1,34.5
16,54,23,42.6,-1.12,-2.1,-6143246,29.74,-35.5,-0.67,0.72,-1.83,33.3
17,54,23,42.6,-1.24,-2.45,-6733540,47.03,-39.57,-1.04,0.1,-1.34,37.0
18,52,21,40.4,-0.81,-2.17,-4226243,73.12,-44.04,-1.4,-0.2,-0.61,38.5
19,49,21,42.9,0.95,-1.42,4615331,111.06,-44.04,-1.39,-0.05,1.0,46.9
20,46,19,41.3,1.06,-2.0,4831380,95.64,-44.04,-1.56,-0.24,1.3,50.0
21,36,18,50.0,3.29,0.19,11723218,86.16,-22.25,0.09,1.87,1.41,50.0
