TanggalBeli,IHSGdiAtasMA50,AcakJumlah,IHSG0%,IHSG1%,IHSG2%,IHSG3%,IHSG4%,IHSG5%,IHSG6%,IHSG7%,IHSG8%,IHSG9%,IHSG10%,IHSG11%,IHSG12%,IHSG13%,IHSG14%,IHSG15%,IHSG16%,IHSG17%,IHSG18%,IHSG19%,IHSG20%,IHSG21%,Acak0%,Acak1%,Acak2%,Acak3%,Acak4%,Acak5%,Acak6%,Acak7%,Acak8%,Acak9%,Acak10%,Acak11%,Acak12%,Acak13%,Acak14%,Acak15%,Acak16%,Acak17%,Acak18%,Acak19%,Acak20%,Acak21%
2026-08-12,Ya,165,1.13,-0.02,1.57,2.33,1.45,3.15,3.53,3.15,1.63,3.47,3.41,3.53,4.71,4.65,5.79,5.29,5.03,6.08,5.95,4.54,3.78,3.68,1.59,-0.4,0.75,2.13,1.9,4.43,4.55,4.08,0.99,4.45,4.41,5.39,6.85,6.74,8.01,7.48,7.53,8.71,9.05,7.44,6.28,5.22
2026-08-13,Ya,165,-1.75,-0.19,0.56,-0.31,1.37,1.74,1.37,-0.13,1.68,1.63,1.74,2.9,2.84,3.96,3.47,3.21,4.25,4.12,2.74,1.99,1.88,0.74,-2.52,-1.42,-0.1,-0.34,2.12,2.22,1.78,-1.22,2.13,2.08,3.02,4.45,4.35,5.61,5.1,5.15,6.31,6.62,5.05,3.91,2.89,2.12
2026-08-14,Ya,168,1.27,2.02,1.14,2.84,3.22,2.84,1.33,3.16,3.1,3.22,4.4,4.33,5.47,4.98,4.71,5.77,5.64,4.23,3.47,3.37,2.2,1.82,0.54,1.94,1.62,4.16,4.27,3.81,0.76,4.22,4.13,5.11,6.48,6.32,7.6,7.14,7.25,8.51,8.8,7.2,6.07,4.97,4.24,3.25
2026-08-18,Ya,169,-0.38,-1.24,0.42,0.79,0.42,-1.07,0.73,0.67,0.78,1.93,1.87,2.98,2.5,2.24,3.27,3.14,1.77,1.03,0.93,-0.21,-0.58,-0.19,0.41,-0.0,2.62,2.78,2.39,-0.53,2.84,2.72,3.67,4.97,4.89,6.14,5.67,5.79,7.05,7.35,5.87,4.76,3.72,3.04,2.05,3.24
2026-08-19,Ya,171,-0.62,1.05,1.43,1.05,-0.44,1.37,1.31,1.42,2.58,2.52,3.64,3.15,2.89,3.93,3.8,2.42,1.67,1.57,0.42,0.05,0.44,0.11,-0.68,1.93,2.0,1.55,-1.34,1.95,1.81,2.68,3.98,3.9,5.14,4.53,4.63,5.92,6.17,4.68,3.5,2.47,1.77,0.82,2.06,0.76
2026-08-20,Ya,171,0.44,0.81,0.44,-1.04,0.75,0.7,0.81,1.96,1.9,3.01,2.52,2.26,3.3,3.17,1.8,1.05,0.95,-0.18,-0.56,-0.16,-0.49,-1.37,1.29,1.37,0.92,-1.8,1.42,1.27,2.14,3.46,3.38,4.62,3.97,4.13,5.3,5.55,4.09,2.9,1.87,1.17,0.22,1.46,0.25,-0.68
2026-08-21,Ya,170,-0.37,-0.74,-2.21,-0.43,-0.49,-0.38,0.76,0.7,1.8,1.32,1.06,2.08,1.95,0.6,-0.14,-0.24,-1.36,-1.73,-1.34,-1.67,-2.53,-4.17,-0.91,-1.35,-3.96,-0.87,-1.01,-0.18,1.13,1.03,2.27,1.64,1.8,2.93,3.2,1.77,0.61,-0.39,-1.13,-2.05,-0.89,-2.05,-2.92,-4.52
2026-08-24,Ya,172,-1.04,-2.5,-0.74,-0.79,-0.68,0.45,0.39,1.49,1.01,0.75,1.77,1.64,0.29,-0.44,-0.54,-1.66,-2.03,-1.64,-1.96,-2.82,-4.46,-2.97,-1.09,-3.76,-0.65,-0.79,0.21,1.51,1.51,2.76,2.12,2.35,3.45,3.73,2.35,1.19,0.05,-0.66,-1.58,-0.36,-1.59,-2.43,-3.94,-2.31
2026-08-26,Ya,171,-1.95,-0.18,-0.23,-0.12,1.02,0.96,2.06,1.58,1.32,2.35,2.22,0.86,0.12,0.02,-1.1,-1.48,-1.08,-1.41,-2.27,-3.92,-2.42,-3.59,-3.12,0.06,-0.1,0.91,2.25,2.28,3.5,2.84,3.08,4.22,4.54,3.14,1.97,0.88,0.1,-0.81,0.43,-0.82,-1.68,-3.18,-1.6,-2.88
2026-08-27,Ya,171,1.65,1.59,1.71,2.87,2.8,3.93,3.44,3.17,4.22,4.09,2.7,1.95,1.85,0.7,0.33,0.72,0.39,-0.49,-2.17,-0.64,-1.83,-2.71,3.36,3.2,4.22,5.64,5.68,6.92,6.23,6.45,7.63,7.96,6.47,5.27,4.15,3.34,2.39,3.66,2.36,1.53,-0.04,1.62,0.27,-1.65
2026-09-02,Ya,172,-0.84,0.24,-0.23,-0.49,0.52,0.39,-0.94,-1.66,-1.76,-2.87,-3.23,-2.85,-3.17,-4.02,-5.64,-4.16,-5.31,-6.16,-7.58,-7.97,-8.73,,-0.85,0.43,-0.25,-0.06,1.03,1.3,-0.04,-1.15,-2.18,-2.89,-3.79,-2.63,-3.79,-4.63,-6.13,-4.59,-5.9,-7.64,-9.39,-9.5,-10.12,
2026-09-03,Ya,173,0.13,-0.34,-0.6,0.41,0.28,-1.05,-1.77,-1.87,-2.98,-3.34,-2.96,-3.28,-4.12,-5.74,-4.27,-5.42,-6.27,-7.68,-8.07,-8.83,,,0.32,-0.35,-0.16,0.91,1.16,-0.18,-1.29,-2.33,-2.99,-3.9,-2.78,-3.94,-4.76,-6.27,-4.7,-6.07,-7.85,-9.47,-9.64,-10.29,,
2026-09-04,Ya,174,-1.28,-1.53,-0.54,-0.66,-1.98,-2.69,-2.79,-3.89,-4.25,-3.87,-4.19,-5.03,-6.63,-5.17,-6.31,-7.15,-8.55,-8.94,-9.69,,,,-1.58,-1.4,-0.32,-0.05,-1.4,-2.46,-3.48,-4.17,-5.06,-3.95,-5.09,-5.89,-7.29,-5.79,-7.07,-8.78,-10.52,-10.61,-11.29,,,
2026-09-07,Ya,174,-0.88,0.11,-0.01,-1.34,-2.06,-2.16,-3.26,-3.62,-3.24,-3.56,-4.4,-6.01,-4.55,-5.69,-6.54,-7.95,-8.34,-9.1,,,,,-0.51,0.56,0.82,-0.56,-1.64,-2.66,-3.35,-4.26,-3.15,-4.3,-5.12,-6.54,-5.03,-6.31,-8.04,-9.81,-9.89,-10.57,,,,
2026-09-08,Ya,178,0.3,0.18,-1.15,-1.87,-1.97,-3.07,-3.44,-3.06,-3.37,-4.22,-5.84,-4.37,-5.51,-6.36,-7.77,-8.17,-8.93,,,,,,0.14,0.42,-0.97,-1.98,-3.46,-4.16,-5.06,-3.94,-5.07,-5.82,-7.21,-5.67,-6.87,-8.55,-10.25,-10.3,-10.99,,,,,
2026-09-09,Ya,180,-0.74,-2.06,-2.77,-2.87,-3.96,-4.32,-3.94,-4.26,-5.1,-6.7,-5.24,-6.38,-7.22,-8.62,-9.01,-9.76,,,,,,,-0.56,-1.94,-2.93,-4.4,-5.03,-5.93,-4.84,-5.97,-6.71,-8.1,-6.63,-7.86,-9.54,-11.2,-11.26,-11.97,,,,,,
2026-09-10,Ya,181,-1.87,-2.59,-2.69,-3.78,-4.14,-3.76,-4.08,-4.92,-6.52,-5.06,-6.2,-7.05,-8.45,-8.84,-9.59,,,,,,,,-2.07,-3.05,-4.56,-5.19,-6.12,-5.02,-6.14,-6.88,-8.26,-6.81,-8.03,-9.71,-11.37,-11.41,-12.12,,,,,,,
2026-09-11,Ya,182,-0.57,-0.67,-1.79,-2.16,-1.77,-2.1,-2.95,-4.59,-3.1,-4.26,-5.12,-6.55,-6.95,-7.72,,,,,,,,,-0.73,-2.28,-2.92,-3.9,-2.77,-3.92,-4.63,-6.07,-4.55,-5.81,-7.55,-9.24,-9.3,-10.04,,,,,,,,
2026-09-14,Ya,183,-0.39,-1.51,-1.88,-1.49,-1.81,-2.67,-4.31,-2.82,-3.99,-4.85,-6.28,-6.68,-7.45,,,,,,,,,,-1.41,-2.07,-3.03,-1.95,-3.08,-3.82,-5.18,-3.54,-4.67,-6.26,-8.07,-8.23,-9.03,,,,,,,,,
2026-09-15,Ya,182,-1.67,-2.04,-1.65,-1.98,-2.84,-4.47,-2.98,-4.15,-5.01,-6.44,-6.84,-7.61,,,,,,,,,,,-1.44,-2.39,-1.28,-2.41,-3.16,-4.56,-2.92,-4.05,-5.66,-7.43,-7.6,-8.41,,,,,,,,,,
2026-09-16,Ya,182,-0.66,-0.27,-0.6,-1.47,-3.13,-1.62,-2.8,-3.67,-5.12,-5.53,-6.31,,,,,,,,,,,,-1.4,-0.29,-1.44,-2.21,-3.62,-1.94,-3.05,-4.66,-6.46,-6.65,-7.49,,,,,,,,,,,
2026-09-17,Ya,182,-0.29,-0.61,-1.48,-3.15,-1.64,-2.81,-3.69,-5.14,-5.54,-6.32,,,,,,,,,,,,,0.62,-0.59,-1.36,-2.76,-1.08,-2.2,-3.86,-5.69,-5.88,-6.71,,,,,,,,,,,,
2026-09-18,Ya,183,-1.49,-2.35,-4.0,-2.5,-3.67,-4.54,-5.98,-6.38,-7.15,,,,,,,,,,,,,,-2.32,-3.07,-4.42,-2.77,-3.89,-5.47,-7.26,-7.51,-8.4,,,,,,,,,,,,,
2026-09-21,Ya,181,-1.36,-3.02,-1.51,-2.69,-3.57,-5.02,-5.42,-6.2,,,,,,,,,,,,,,,-1.19,-2.51,-0.79,-1.83,-3.3,-5.17,-5.48,-6.41,,,,,,,,,,,,,,
2026-09-22,Ya,183,-2.2,-0.67,-1.86,-2.74,-4.21,-4.62,-5.4,,,,,,,,,,,,,,,,-2.15,-0.48,-1.6,-3.1,-4.93,-5.19,-6.06,,,,,,,,,,,,,,,
2026-09-23,Tidak,183,0.82,-0.39,-1.29,-2.77,-3.19,-3.99,,,,,,,,,,,,,,,,,0.81,-0.4,-2.0,-3.82,-4.04,-4.9,,,,,,,,,,,,,,,,
2026-09-24,Tidak,182,-1.44,-2.33,-3.8,-4.21,-5.0,,,,,,,,,,,,,,,,,,-1.85,-3.39,-5.17,-5.35,-6.19,,,,,,,,,,,,,,,,,
2026-09-25,Tidak,182,-1.56,-3.04,-3.46,-4.25,,,,,,,,,,,,,,,,,,,-2.32,-4.13,-4.28,-5.15,,,,,,,,,,,,,,,,,,
2026-09-28,Tidak,183,-1.39,-1.81,-2.62,,,,,,,,,,,,,,,,,,,,-1.85,-2.0,-2.93,,,,,,,,,,,,,,,,,,,
2026-09-29,Tidak,184,-0.35,-1.18,,,,,,,,,,,,,,,,,,,,,-0.1,-1.06,,,,,,,,,,,,,,,,,,,,
2026-09-30,Tidak,182,-1.16,,,,,,,,,,,,,,,,,,,,,,-1.4,,,,,,,,,,,,,,,,,,,,,
